T cells,CD8 T cells,Cytotoxic lymphocytes,B lineage,NK cells,Monocytic lineage,Myeloid dendritic cells,Neutrophils,Endothelial cells,Fibroblasts,sample,cohort
2.07663347841522,0.559100373272917,4.12185564984603,1.50222121664453,1.14237286479939,23.6786201684451,3.18449950117744,39.7144056551997,16.2378926674822,118.000650454373,GSM3758005,GSE130970
1.63829341666025,0.268638430370078,4.65898208711872,1.61691211811244,0.96884981929957,17.8188278917222,2.4138929962081,54.4165688862228,14.6800516525813,78.6624761187672,GSM3758006,GSE130970
2.50657685032516,0.901430224651747,5.18940859131203,1.64403945989645,1.43062956367839,22.0276948477042,3.58656608275885,42.7461328577023,18.0813067969062,111.372236174674,GSM3758007,GSE130970
2.40054955193251,0.914743426244427,5.95748031598957,1.42799798364983,1.59144982288204,22.9031361475681,4.63148589911308,57.2786288573501,18.088939301211,92.9758705850637,GSM3758008,GSE130970
3.85534049596647,0.962126810433214,6.58136654487037,1.37535992101305,1.40617937007101,54.6861340226278,6.26396638035843,40.8128042984162,35.2750821157717,508.388533166931,GSM3758009,GSE130970
1.51405586075795,0.26914859605852,3.4631132562358,1.42701851758806,0.802720212740329,18.8352506538718,2.45059759501399,41.7670246078034,13.3131537512851,75.2139606942789,GSM3758010,GSE130970
2.57002024367836,1.76674726953304,3.76644515081537,1.01252303444964,0.99377358180259,19.9046408449779,5.87326369386664,25.5765162671804,11.5740298733467,106.199714356128,GSM3758011,GSE130970
1.71730924917044,1.28677341644068,3.12140451309303,0.549294643365456,0.992773845172703,21.3673754224001,2.54525628588469,32.246664956616,14.9671249728768,91.9358551129535,GSM3758012,GSE130970
2.64959541228127,0.474479090706429,5.61121214800138,1.81130672686371,1.55873748961016,22.1950752159438,4.01535464402012,37.7792220313539,17.5884961749334,94.1858810866744,GSM3758013,GSE130970
2.21312543186685,0.44905778767663,4.57830345871611,1.29864727372414,1.2329320583822,20.1554357427864,1.67994794308433,47.6773624698495,15.4955298572801,49.9304713056718,GSM3758014,GSE130970
2.80602199291304,0.173948958330752,6.50476750592899,1.76031642870038,1.43599048206522,17.2440287887086,2.81667130412748,47.7836189331348,15.193024586403,90.6716431106261,GSM3758015,GSE130970
2.82249837917923,0.602487355481582,5.46667053026618,1.51644916784947,1.52499396937768,24.7432495509205,4.64835886514269,43.1682831949879,17.6247663472231,85.2760777503672,GSM3758016,GSE130970
2.73130605170698,1.52935559061475,4.55977899781008,0.997275328084198,1.42943931434661,21.444899052629,3.22034376640449,35.8922768124847,18.0427548393681,56.3732590593693,GSM3758017,GSE130970
2.64735424908043,1.48676811065095,5.59114908645184,1.59921822571927,1.71612931664726,22.9915548762082,4.0776322991036,42.5084926747228,17.214726675607,104.339338221296,GSM3758018,GSE130970
2.44717628318831,0.487237293204939,5.16111444115509,2.2444328651145,1.22943742545997,17.7145011936006,3.4882532930107,39.9355533644661,16.3493114106231,52.2444098671456,GSM3758019,GSE130970
3.57097065618979,0.484721656149161,4.24480441670752,0.748007035747719,0.886648480716854,20.7661875440952,2.78477194851298,49.3783789975047,15.8659343185836,45.2829876313312,GSM3758020,GSE130970
3.37198245061927,0.689586885279633,5.52808386496865,1.3367248438057,1.08305578912978,26.4177703600923,4.21006399717578,41.4432301740088,19.5228267685084,126.56406777893,GSM3758021,GSE130970
3.42216252128635,0.387310608275309,4.66705237580647,1.47614938794956,1.16104812266833,19.7262352040263,3.06940201932811,38.6291759527895,15.8184457931835,65.7285346427217,GSM3758022,GSE130970
3.30870694974769,0.374451345726803,4.80983859872782,1.28116010085212,1.36238882278319,23.3393136756539,3.11160405731304,46.9761866481515,16.6810240350214,89.6720576255517,GSM3758023,GSE130970
2.79678773345389,0.760722437201378,5.68223252004187,1.95195254787874,1.37417194627247,19.2587670512215,3.41389021268245,48.988606542546,16.5045754522128,68.5824284023324,GSM3758024,GSE130970
3.81684386292455,0.70108371604689,4.8379142657334,1.41778505045452,1.3808247782868,22.6290609733784,2.65176351803246,54.3577214457887,18.3951707765189,85.512953460423,GSM3758025,GSE130970
3.19792462667423,0.51776765992713,5.51073263202746,1.80749986777898,1.09350922961938,21.2328793224721,3.74483923685918,51.3633290727381,18.5380008930706,75.3990766275872,GSM3758026,GSE130970
2.05177521425354,0.406975039708607,5.67593211990031,1.32654789430956,1.28952300731976,19.5365405665904,3.65787444129961,44.8906631568099,16.8537769972385,55.3274955708707,GSM3758027,GSE130970
4.2404433746538,1.84481967992305,7.68525535246732,3.46482854963545,1.59481913982821,22.9607300502078,4.00358255399361,41.9508301577459,17.9135411205792,60.660341046989,GSM3758028,GSE130970
3.42926214167196,0.729548251651802,5.68668470768106,1.66709565740871,1.0140907467105,23.077026246561,2.93524431209036,38.66581001416,19.0260172117838,99.2945216289317,GSM3758029,GSE130970
3.36011480694316,1.04255795560388,5.88773367437301,1.51608110264775,1.68847212938551,31.2649709325552,4.32712297234225,43.4684284593896,17.3168677847729,101.519346871991,GSM3758030,GSE130970
4.1701691377777,1.35910245834247,5.19767787994488,1.70660472595159,1.55781078404587,20.7740908890177,3.41131889904151,42.9907833671948,17.2280543978413,62.6816142311175,GSM3758031,GSE130970
2.50814791511973,0.364698000760407,4.73760969046451,1.35469499139272,1.25306903323001,17.3077521748024,3.25269602927244,33.7825878066273,15.8075774070448,64.7451408142938,GSM3758032,GSE130970
3.31086868661439,1.54425625236271,7.07463218188095,2.08941854726176,1.24767633765433,27.5060370367083,4.44807120614318,42.1421264044837,19.1958985790564,224.635542649856,GSM3758033,GSE130970
2.92681292072899,0.790202572516063,5.33670350397211,1.49747436598122,1.57861045884611,30.8600002409636,4.067536069887,39.9166336923079,17.5978873738693,162.635256557915,GSM3758034,GSE130970
2.85393061569102,0.866871173970416,5.76797579779503,1.66164513811412,1.52056623210166,22.3496742135048,3.25207981972369,45.9445433493124,18.7693436890338,61.7599329041327,GSM3758035,GSE130970
2.37595103789908,0.283188011018641,5.56676549522915,1.21001924371021,1.21298507974314,18.6548168014985,3.08325369509976,41.7228441493413,14.6829565177696,57.4904512415027,GSM3758036,GSE130970
2.61808605794238,0.292019876447584,4.89405029101019,1.43311956734265,0.999868665529106,18.2021331491739,2.85466108839952,48.528816021306,17.0528541873962,53.438799812015,GSM3758037,GSE130970
3.73353536539579,0.80110078730506,5.56583090077944,2.39336170831621,1.53320667447746,25.838813719656,3.7111252998513,48.5470800220154,18.4131747281448,66.671105587511,GSM3758038,GSE130970
1.96625683600047,0.215813364250679,4.85751308667467,1.33401639731237,0.996375558234016,18.7888057538038,2.56263782252271,51.4616242018079,17.6579945837589,70.4104517213211,GSM3758039,GSE130970
2.88477329662806,0.483514949651544,7.46653572587227,2.17884826116876,1.3896956527528,21.2558020545512,3.40958924061,54.0646050422708,18.9812118006562,77.3158494340892,GSM3758040,GSE130970
2.30063039914095,0.692225457272283,5.94740478797825,1.85181763671351,1.26854955467441,17.6282303380425,2.09248395717259,53.6895148185123,17.0095070569853,57.0371279407347,GSM3758041,GSE130970
2.74377340463183,0.837067464148828,5.40914169650528,2.29600836253447,1.02974369533549,22.5984410211362,2.84060375786171,44.3086915514407,19.4163575861619,54.3136350388353,GSM3758042,GSE130970
2.2520043153579,0.732087755496291,5.2568621305198,1.6973121175492,1.33146686319598,19.1308539061691,4.0468670530192,46.3365957306,15.8817168823426,47.7617142984998,GSM3758043,GSE130970
2.2352874964336,0.246426094567234,4.73569553063125,1.3920465927924,1.24650727544987,19.6640282317779,2.40725049851583,49.7308787666913,17.8993845369482,51.8260604264786,GSM3758044,GSE130970
2.18443457499744,0.110437126789318,3.91129386421271,1.22749853409154,0.965397876410791,17.4897591013553,2.28165063397259,36.2681836965072,15.9481501660972,59.5941252362829,GSM3758045,GSE130970
2.33090108501704,0.364749298172497,5.19260142777172,1.36324875552027,1.46531717281916,20.7530323650328,2.87677408922248,49.0700804542214,16.666060393148,67.6283255320436,GSM3758046,GSE130970
1.89586822267025,0.476352195177153,4.70209493894623,1.2765227936348,1.31044111067521,14.9244010885669,2.32395921167891,35.0335503533239,15.2070294380872,74.850234820463,GSM3758047,GSE130970
3.1214240177249,1.09688086941493,7.13032030700302,1.44782152143825,1.26852455302381,26.9471040057846,4.67769021108641,45.3148473648657,21.3265762289215,65.3054304048019,GSM3758048,GSE130970
2.13083389196958,0.390694271788143,5.83966272300678,1.7401715993859,1.44623547934352,23.5404124004631,3.92959207133009,56.65355086892,19.6106282616212,99.1784495603883,GSM3758049,GSE130970
2.49278793454049,0.503047574438726,5.56419318472976,1.59302290892457,1.04358852935336,20.0674035179487,3.84318175969879,54.6981751781419,19.9101136085794,65.234661347885,GSM3758050,GSE130970
1.94704493371697,0.526514601845135,4.77341661162902,0.923544713492721,1.72380505046629,18.4604415779156,2.86826944210139,31.495974623702,14.8692805418079,38.2485875231381,GSM3758051,GSE130970
2.85242393720528,0.865619959540689,5.54808494066351,1.76408801537996,1.47384239190626,25.0234022587005,3.58336069348735,41.5985894838795,17.8856521862082,76.3312170226283,GSM3758052,GSE130970
2.46425779082951,0.665071360598306,5.31472455314847,1.48135912985615,1.08172935007671,20.3861428825249,3.66986753430401,49.9559985189538,16.7821702050829,60.7971869406184,GSM3758053,GSE130970
2.58667517860087,0.379743235512863,6.06316587266645,2.00635637860497,1.27588639784695,21.9000500132827,3.99539602589939,49.5751457886757,18.5219239652792,57.9910203478647,GSM3758054,GSE130970
2.77790734838514,0.607607165216347,5.51893672847922,2.29460238105459,1.57369634020955,25.2148234191352,3.92291074415675,44.4379691187453,17.1662763965313,80.752906591203,GSM3758055,GSE130970
2.38688380013623,0.586744563849597,4.87332557855369,1.8748177007723,1.17598892526575,20.9838358915083,2.79193456453677,43.9756632178968,19.6381964834259,81.0906373519373,GSM3758056,GSE130970
3.04017382835697,0.674628762918078,4.98502203872313,1.27604594377405,1.12662486143607,30.5626134361286,3.4737864194118,42.5286321809948,21.2690220011209,92.2640092383831,GSM3758057,GSE130970
3.1302703687079,1.19345959254193,6.06576426034036,1.45120605779566,1.69850264550525,26.7970534646874,4.17170063571758,37.8947879711849,20.0426406143395,148.811045711558,GSM3758058,GSE130970
2.56906005392174,0.665748952383482,5.27089727639866,1.22407546593817,1.20333435788247,21.3155400655927,2.62523190915262,47.3222130461979,16.7046867346969,70.0665217773382,GSM3758059,GSE130970
2.80275149973049,0.840425851172983,6.69990280331856,1.29715246103878,1.98626615302792,26.1390326959913,3.81602698171973,47.716425833226,19.1888496128016,62.0352999749002,GSM3758060,GSE130970
2.36434051917275,0.515250099021699,4.77101201336598,1.15441660222606,1.27050133119389,18.5910682857499,2.29206886275025,44.7198532910227,17.5226854268295,78.8332964302299,GSM3758061,GSE130970
2.0241965590891,0.359857356620475,4.96740956945068,1.58237591738089,1.11100023411899,23.0143014684303,2.87014897087028,39.1778461658941,17.8210200837721,67.9262728983636,GSM3758062,GSE130970
3.30680808893403,0.613480272500228,6.03652616613689,1.59039515192394,1.50044390948472,25.6533673580144,4.22191777043156,51.4171058551725,17.26681032005,75.4558115139468,GSM3758063,GSE130970
2.67888312875403,0.234808510478192,5.47468524396933,2.11640839935714,1.45621969376015,22.4093590003474,3.3048883340666,48.404920856547,15.4245575069668,56.7279042944586,GSM3758064,GSE130970
2.61623058573206,0.846574674919261,6.02570925354484,1.59380943012832,1.74379168146208,21.8227266115027,3.80726156890269,41.2278300787858,18.2022605456451,93.5114735387405,GSM3758065,GSE130970
3.26836006979756,0.288056426625428,3.88922557104708,1.53883088472427,1.2329619272235,20.7283112570443,2.69357127535378,41.2271351579158,17.520894237596,67.8055235394824,GSM3758066,GSE130970
2.00151495356788,0.495144156359258,5.36955250914589,1.55976652708928,1.41121535542379,17.3637456083158,2.5342208801335,50.0694954296548,16.563567812357,50.8715861879826,GSM3758067,GSE130970
2.61201282707845,0.975435100879325,5.61605960364615,1.87211395761713,1.56713610416377,21.9647551433596,3.25624146955882,42.0621596506248,16.1496770815299,69.5343241725184,GSM3758068,GSE130970
3.84075052501994,1.15732317314874,5.12445569931059,2.37048225745978,2.10604853426012,22.3350660768748,4.60524235000178,34.4044066852252,17.1300808964973,81.8358388786057,GSM3758069,GSE130970
2.73658134291489,0.306053799932591,5.23456483920061,1.36329930245757,0.924113376590675,18.511519462664,4.18618836417724,42.0545145809771,18.7615716068112,55.2478649011471,GSM3758070,GSE130970
2.46308694555525,0.225752604890374,5.33819488798068,1.78589132830654,1.33160487142498,17.0387254201583,2.38014151178479,53.558041082454,14.6389325031827,40.9288220802286,GSM3758071,GSE130970
3.15501233980997,0.739573393493299,6.28906098874807,1.41360470580599,1.40144241607148,21.9805048777731,2.53642934850089,53.0101593648963,16.8866085990277,85.996186904933,GSM3758072,GSE130970
2.17137632616582,0.469880435152996,5.0830149993351,1.90293277846975,1.19099346437507,17.4356721336631,2.31451685381163,57.5371822065266,17.2227796816247,62.1378440927134,GSM3758073,GSE130970
2.25437989869737,0.627491799964364,5.73089978680114,1.85141094537509,1.32277169166837,22.2560305804271,2.72467815755466,45.2064250202587,16.9889259485777,71.2326851403169,GSM3758074,GSE130970
1.9499206225955,0.351861671583083,4.76945664090695,1.44669038295433,1.07898917862734,17.6611190767654,2.65918713732048,51.7715177043896,17.1205273628453,41.9037549790839,GSM3758075,GSE130970
2.3205375118501,0.116292010206075,4.28000045908918,1.08027954121239,1.0457775301674,12.3012645827279,1.45101979841638,44.6102544495668,14.897773991524,40.0373254328538,GSM3758076,GSE130970
2.94332896547642,0.710373958518441,5.97657460603637,1.82258577622928,1.17531435867617,16.8493910701983,2.60972139680592,51.7669159804728,13.3532872554789,51.2644477038533,GSM3758077,GSE130970
2.54914461420902,0.3613399151859,4.4042851293961,1.38336743054775,1.30216533833952,20.9389001365052,2.36213481069898,40.832584399999,14.5730045968162,74.6256464161591,GSM3758078,GSE130970
2.600329902945,0.514671069646863,5.04688425582928,1.74511610975812,1.3860030189686,22.2488691048395,2.94895403382627,52.2209649550103,15.3363916640021,105.635333299673,GSM3758079,GSE130970
2.74915476394354,1.22402600302667,5.82469011359568,1.95582705257312,1.43403546413242,20.8688647422438,3.22616245296839,44.9619337340614,17.9562524831339,93.2163033042676,GSM3758080,GSE130970
2.34512618849223,0.39369349252484,4.39727956278337,1.38356950684439,0.94093252251098,16.2826162975676,2.4344145469425,52.0035626267094,16.5747561371571,54.7911002367055,GSM3758081,GSE130970
2.50295847133626,1.04107446630199,4.70960292137888,1.55037190004055,1.03565335189204,17.3105343532724,3.05380101094569,54.9169075151333,18.2076782752258,67.8262923315053,GSM3758082,GSE130970
0.815526762024011,0.279990114482358,1.90215506346745,17.9988706927116,1.0810729420291,15.2705719581172,2.65057308376632,43.4152192900764,16.3444229329077,88.0218922403913,548nash1,GSE162694
1.86314884188625,0.947281901451896,2.32954018622354,36.1170020204358,1.79306931346252,19.4337781925412,3.68086681707022,48.5195707985416,19.11056657438,91.023641280583,548nash10,GSE162694
3.27553460075032,0.318770993916119,2.9795329635425,9.09256311217882,3.13078654739045,15.4961736226162,1.53010077079737,68.5883083612924,12.3794146253407,46.8821054623778,GSM4957323,GSE162694
3.51700034533547,1.34379439366912,4.14951895187936,45.9455171465045,3.94524251474651,28.9038852733518,3.90044936829087,39.1343673028097,17.5823867421659,144.966127250369,GSM4957324,GSE162694
2.5360355900989,1.29718735190444,13.2841593630214,8.02067488163139,11.782785113132,25.0309114941561,2.49348235421632,66.3487308511125,15.9303314784515,26.5292829955457,GSM4957325,GSE162694
2.05677357712948,0.205971602859891,3.30731545163596,14.6743324170847,2.09061176902789,9.59827669327092,1.3264571224177,46.625633299699,10.212329534297,39.5568463292421,GSM4957326,GSE162694
1.8614564341196,0.559578928048222,3.10623404957381,15.4505959577759,2.59804502308103,14.6689618995498,1.08718191735083,53.7441739685875,8.32123843450281,57.0370807374867,GSM4957327,GSE162694
3.35153129052333,1.08072410135877,6.35568697703849,15.4203318536469,4.10900309370783,13.4318566883162,3.04403955216054,56.9908770501791,13.2895291838961,62.3724154539404,GSM4957328,GSE162694
1.88423303940356,0.277676447912103,3.26411497953819,13.2270955584797,3.31228334295152,13.6628146105323,2.8005653175135,39.5795736908559,12.418583282069,38.5821507357871,GSM4957329,GSE162694
1.06214089776616,0.0997984736156122,1.46846325462972,12.2530348161391,1.16431552551548,7.70824400973919,0.512298831226809,36.6644238452434,4.92131223016988,21.4483552878887,GSM4957330,GSE162694
2.19729332525321,0,3.51313276245391,5.43528000994173,3.04069884403727,17.0266452476331,2.06856300922828,64.9388103491307,12.2876415878112,46.8256524540704,GSM4957331,GSE162694
1.55055029421611,0.580592383569778,2.34080103851942,17.0593811468651,2.78200517127185,13.1554861515215,1.48373609134499,53.3847253200313,10.1200477969454,48.7496007620985,548nash11,GSE162694
3.29972625597893,0.80762530740743,7.04941518322771,9.94276489563814,5.04765817129644,20.9348017184397,4.11888906777789,51.5544508732351,17.9583058589299,50.8602037339829,GSM4957333,GSE162694
1.77529614847085,0.275283263528708,2.02810730885436,5.77657895849129,2.02529829596121,17.3203734991634,4.78206354929869,49.6084641605195,19.3337334903287,81.7640450405891,548nash111,GSE162694
1.38137044320141,0.6038529792795,3.01472464843299,25.5348590243863,1.7479954663354,17.1076543302643,3.41653659329191,39.0964244722177,15.0918551753974,95.1386259722728,GSM4957335,GSE162694
1.41161267423072,0.22173999931815,2.82322534846144,12.3835630174761,1.61454437003528,15.6643470946893,1.69631099478384,48.7231006194072,10.1099580939119,24.4988052371662,548nash112,GSE162694
2.42539687282876,1.24508829958706,2.63730343528053,85.6651493036875,1.02604498762267,13.3072929373855,1.72160357473766,29.8844840301646,16.5291236067865,122.235775238935,GSM4957337,GSE162694
4.0026620414852,1.16710063632628,3.48721216286625,63.6078979040673,2.12050678994493,18.3119733643307,4.98401285822716,51.3208163884883,23.9312136199526,121.152443167377,GSM4957338,GSE162694
0.917506540352234,0.534537227796636,2.19599926051518,8.45720684651984,1.57526501221887,15.3257145441434,2.12195081337452,30.7115934515885,11.0881041428838,49.3211830753722,GSM4957339,GSE162694
3.44272376707908,0.896443307771284,1.91550044183347,61.9859818179723,1.05379771817795,18.1032502639283,3.3912259600369,56.550754263071,17.5575335884433,118.790659068362,GSM4957340,GSE162694
1.30890350010435,0.435886037142268,2.37620159676413,25.8896933349745,1.69559668448342,13.9358993017771,1.77492794324331,39.0848950596922,9.04735955843419,38.2969472233196,GSM4957341,GSE162694
1.09752655561951,0.633239564211982,1.44474404776095,7.11049393017114,1.13145010370229,17.2677511417469,2.67450592414237,46.250843555329,11.4536042133526,40.2619302333898,GSM4957342,GSE162694
1.32540259794814,0.414540812549738,1.69764332758464,5.66319776721387,1.34725764078665,16.5872725130446,2.1595602329972,50.4783158666334,10.5954657683844,46.8653193616498,GSM4957343,GSE162694
1.998410872862,0.390494078605218,3.12723409168716,15.5227776867773,2.78514159005192,18.802782104268,2.71967640628575,44.1841399529506,15.9880048028934,77.498718203187,GSM4957344,GSE162694
1.30534563986129,0.297812190427612,2.4714544114707,10.2218770007376,2.03053766200645,9.31339940973624,1.03422051584862,27.6694598742745,7.77019078661134,46.8952673040389,GSM4957345,GSE162694
1.10902965993784,0.233959681685517,3.57320241119699,12.4400380241673,3.11591757881166,18.8291967195474,4.3091119554078,38.4970021682533,17.0817153957892,67.4229264493717,GSM4957346,GSE162694
2.84930254880241,0.0945266248417861,3.67303456528083,2.47344668336007,5.62433417808627,16.2113161603663,2.00396444664586,46.6707031959234,10.9709963956998,44.8351597452697,548nash113,GSE162694
2.5233830376232,0.424127939939492,1.71076816110047,10.4784549867404,2.50734458611288,16.1631950220638,2.78926492266089,47.0570908928341,7.75982607760618,55.0524303217048,GSM4957348,GSE162694
6.59862904925077,2.32577558801421,4.58009877701109,24.6971247625691,4.64529909111441,12.5363234075912,3.08602911355864,28.9211829530237,19.0375985631809,138.318000595249,GSM4957349,GSE162694
1.06325095148759,0.341634731953389,1.37351106520036,18.6543409193597,1.54955753421716,9.30780341138316,0.912652783932626,43.9300968785998,9.20049785941438,42.2406943579512,GSM4957350,GSE162694
0.810586942442003,0.338486855085672,2.46866352957219,19.220510894046,1.9641145143787,10.2869463778668,1.2969391079072,24.3148674890084,6.76082955289539,24.1572723945353,GSM4957351,GSE162694
1.18699261070077,0.308257777483843,2.72227647648069,4.06962540577154,2.23486888675786,14.4400753686263,1.5917310691893,47.2733780435013,10.6672954191213,36.3849265309623,GSM4957352,GSE162694
1.01282270529043,0.0475025724424324,1.27239033327944,8.40267725870582,1.49633103193662,11.037562011088,2.0758624157343,25.6641782730326,13.4506502781525,60.49155709466,GSM4957353,GSE162694
3.78828173835083,1.55926097772406,6.00225171733934,30.4641198831013,2.83406218248495,13.9912066109294,3.29973336637281,33.2485659418437,13.509205328964,64.8410249148833,GSM4957354,GSE162694
1.26807328374797,0.29664439285621,1.81898429905236,20.4988881730124,1.9966449519168,9.84794187712758,1.69771867911554,26.9472468587487,8.58842564317353,75.0481790426898,GSM4957355,GSE162694
1.30425340091092,0.618219266211708,2.34040150780146,15.6345689824096,1.66146427794396,11.061709013288,1.40865675658239,28.5807522302489,9.31606755847151,57.2349604584749,GSM4957356,GSE162694
1.65777095004896,0.418931287015983,2.46570986072264,11.7603321849542,2.77541977648089,14.2795721545734,1.52072057186802,39.231303754866,10.466081793904,35.3499456625174,GSM4957357,GSE162694
1.99545368681303,0.266786441074593,2.54263812207826,8.13063439465426,3.34435860061365,13.7912256171825,1.48638160027273,53.363151653184,11.4170304649154,57.3829050489906,GSM4957358,GSE162694
2.59631161260126,0.717831217846668,4.67988664102633,46.8729283613109,4.08674363796796,23.9401372393538,4.07206072669382,72.9050467999726,21.420736114379,66.9948612747123,GSM4957359,GSE162694
1.50410976842679,0.32902401184336,1.87677982265754,15.2108322935522,2.056400074021,10.9249401483499,1.20328781474143,39.3400633061723,5.33929590647596,42.972886118256,GSM4957360,GSE162694
1.69962892159559,0.144869436239502,2.17821545202966,7.06238501667574,2.55332381372123,19.8108954057519,2.74527581673857,50.1053232839894,21.591204962039,95.328616215475,GSM4957361,GSE162694
2.41903492460494,0.823601384836313,5.11574117324041,20.6486018304962,3.39323770552561,20.66533531895,2.71459016442049,57.3074514359642,17.0660501955394,86.6469836917043,GSM4957362,GSE162694
1.50765190435973,0.208157067663078,2.27188570992274,8.78422825538191,2.84134397360102,19.5072909124256,2.37299057135909,70.7702005890211,16.988218684653,64.1592121804524,GSM4957363,GSE162694
1.70254018068706,0.463126214953734,2.38620268847591,10.3911800377397,3.45029030140532,16.1520780872436,2.98253282430205,68.0510535234325,10.5091056943251,36.0891103002697,548nash14,GSE162694
2.02683437761062,1.59171065388535,2.89427457523068,29.9892261057822,2.16649505667728,21.1077114754214,5.14849618911063,33.7735908259832,14.1307306545354,126.612230948334,GSM4957365,GSE162694
1.43839337029997,0.529328760270388,1.67675570023539,10.9931610647459,0.932078903954378,9.76792389293989,0.952791768486698,28.3783947395796,14.2810885770232,138.72441020521,GSM4957366,GSE162694
1.90652204786747,0.445729123175303,2.40094426853251,7.72888473061489,1.36340672971269,11.7650014780977,2.08706107086789,48.4251413911268,8.48442108544166,57.0631600265088,GSM4957367,GSE162694
1.61773656569295,0.0979386461392488,1.11929881301999,15.5504805925541,1.21811191135691,11.9485148289884,2.11547475660777,65.5096536541414,7.71572896615769,60.5475073928987,GSM4957368,GSE162694
1.25449670010557,0.0466479516639523,1.05624290553378,29.7588016087313,1.60352333844836,11.1455284511372,1.73063900673263,49.723128169799,12.3055838741017,85.071286350154,GSM4957369,GSE162694
1.93983221070762,0.881432530830306,1.42935004999509,44.9292365715124,1.1077462887462,19.4459671087427,3.08263160782275,34.9072937209699,18.2018795429062,160.084227786846,GSM4957370,GSE162694
1.37221983529577,0.630905671400352,2.84808845946445,8.44362090224138,2.38166890953633,15.8492517593931,1.38168342036677,66.2693610997831,10.1092775940791,42.7754045209439,548nash15,GSE162694
1.65452680509929,0.726786066207585,2.5152826530963,19.2038239429474,1.2132638363304,11.6754664829477,3.70895340884,39.5368013138186,10.3120099615643,65.1206176499949,GSM4957372,GSE162694
1.99645070728828,0.528861114513451,3.7549139130455,38.4599554943393,2.9153468937554,14.1810330277393,3.47461752235337,43.0960785892173,12.3753500796148,78.4036602266191,GSM4957373,GSE162694
1.33305025916313,0.597029618440361,2.41970734246199,6.75159420359717,1.31567638137783,15.7754810290538,3.43181469562756,36.6433306839336,12.3945836411629,76.019007388728,GSM4957374,GSE162694
2.45621100466409,1.04052742848882,3.32685640401188,21.5647933195276,3.17113121063261,13.8135324945302,2.54681475353931,32.9138264055503,11.7639987171783,105.886053080029,GSM4957375,GSE162694
1.54206147911873,0.41160840243398,1.92867937140494,10.9076226645005,1.5795472443404,13.0185857569833,1.62585318961422,62.4346622122743,9.27469495546942,91.3590574727372,GSM4957376,GSE162694
2.20631459818144,0.312907135487382,1.68905994564107,7.54950549112413,1.39131922743496,15.8177749918825,2.20823035615381,42.8717161017217,12.3095432049768,81.8978550864027,GSM4957377,GSE162694
1.36199599084848,0.528891873818536,2.3780251168683,18.2637807888798,1.99726273402526,9.01104500806618,2.29372054750775,57.794820106219,6.8234010826194,93.9618168460246,GSM4957378,GSE162694
1.63975788477212,0.205658323734017,1.74075081160579,15.6100380445334,1.31107181380436,15.5933079031185,2.88435799036959,50.3704694437777,16.1730991148954,85.9266183851189,GSM4957379,GSE162694
1.70415285560334,0.21278162745549,1.86183924023554,13.9697049025292,1.7089024455019,11.4864082106776,2.36187606475594,45.1547165186795,8.51458981114859,64.7288360145459,GSM4957380,GSE162694
2.82826194125906,0.412064653693373,3.06105171315077,22.9632393376398,1.3298450187377,21.8768870688118,3.50629559869997,60.798266631304,17.4951882086576,92.1151803120004,548nash16,GSE162694
1.3700817120446,0.12995354992293,1.66711839758273,20.7232594277099,1.46847511412911,8.81085068477464,1.20077080128787,52.6811698533723,6.23452155755255,81.6205758678441,GSM4957382,GSE162694
2.2326193218599,1.1139693891041,3.27638055618853,28.6355660610878,2.29346638933197,16.8686793207193,4.08892293412329,46.6254156072984,15.4829458658384,80.0993136474192,GSM4957383,GSE162694
1.44392805840884,0.276917709831833,2.27072522062103,8.51368114560758,2.72763944184356,12.9597488201298,1.11874754772061,54.565569654248,11.1476685564177,63.407232608744,GSM4957384,GSE162694
3.21958038146242,1.07055662151822,4.06073201265531,26.7023892953395,3.5162247655038,17.8935892453759,3.00494168936493,51.1623836867208,17.7091753199635,112.3023124909,548nash2,GSE162694
1.92447015893765,0,4.20950696164916,6.41634858860249,3.95320055221954,20.9215536917465,4.01401902225369,61.4477072818078,17.0633819989553,30.9680047105121,GSM4957386,GSE162694
1.17713830795604,0.235848820198706,1.90784849196453,5.12316048320523,2.32900709946222,11.9187885921846,1.24410252654818,75.0362092570653,6.87462459501072,33.2620539236488,GSM4957387,GSE162694
3.52940716113132,0.869564083177283,2.30544090960028,117.357050676652,2.51278444624024,13.3722880018019,2.13810462804767,31.1193770762404,13.3207946455108,87.714079963732,GSM4957388,GSE162694
1.39905840184309,0.0343026578385346,2.36198301116767,6.68520687208775,2.19537010166622,16.0389427293606,1.64652757624966,65.0352005958741,14.1091119522123,57.0195929921042,GSM4957389,GSE162694
1.86549395883656,0.581298594486433,2.2124936300351,13.4759777340863,3.77844086416181,16.9762916063283,3.13070814459122,42.4731247773658,19.2373503612854,78.5791135761124,GSM4957390,GSE162694
1.74262879565361,0.300731009419422,2.52399240048443,20.7128482737627,2.19909550637952,12.2762694202285,4.36059963658161,81.3737628468456,8.92677711163353,42.3889755620719,GSM4957391,GSE162694
1.47444169109602,0.816890069343913,2.30704118485039,22.5831703358366,2.12862700761731,18.8019368158333,3.04134456586503,66.714300219436,13.4708314319693,77.9265997880862,GSM4957392,GSE162694
3.03224146762841,0.697557896308882,3.65861998676291,34.8926579455247,3.02275088400516,23.299382795079,2.94302998156986,55.3932514068874,14.0944064227411,152.134055480699,GSM4957393,GSE162694
1.47616710017448,0.448242521285858,1.40202172071366,13.3555300932833,1.52756332911891,10.9971078718478,1.07578205108606,35.5835601513081,7.67910214097614,42.1731335322964,GSM4957394,GSE162694
5.81852890558276,0.440321106368425,2.18981121649297,42.0812435127935,1.60304402787255,41.9287910662433,5.26734123493228,76.8423838464781,23.478918994071,217.33974609654,548nash3,GSE162694
2.38313927345296,0.377705092396318,3.00365478238977,20.466020376882,2.85377180921663,18.8432873873274,3.43291961755765,67.0894635058144,15.3193513343104,55.979042235571,GSM4957396,GSE162694
1.69028550805756,0.559726607136011,1.86575535712004,9.06964409711128,2.18448856396137,10.4615568238516,1.52991939283843,36.7434205650268,14.4391973184618,50.981765133305,GSM4957397,GSE162694
1.85784377379982,0.568175523055284,2.75520035386332,9.25915667201204,2.96713884262204,12.8380612233206,2.32951964452667,83.2474265297027,8.82546250829102,64.5352698270294,GSM4957398,GSE162694
2.47637315304065,0.342412090296979,2.25625109499259,13.4539417145855,2.28988085386105,16.6620168939155,2.51672886368279,49.2777091872585,15.7723569093046,95.2226622360254,GSM4957399,GSE162694
2.07979842593656,0.239976741454218,3.55394126629818,13.1409486014838,2.40976644543611,20.3865955597298,2.19178757194853,55.9730366317512,14.6323318343986,72.0930127452047,GSM4957400,GSE162694
4.53815177880412,1.86491093778742,4.46852036391921,40.8773407575626,3.20001763188523,16.9840103262783,4.01803538414198,44.0536304045168,16.3762491724458,185.330822485062,GSM4957401,GSE162694
1.93200499787821,0.47844463390852,4.08272754268603,12.6592906097869,4.31397578240848,13.7883186876874,2.53256692882243,51.2720898194171,18.5566744780727,37.34260367656,GSM4957402,GSE162694
2.14850173188549,0.435027210175162,2.82767686613855,13.8794395627314,1.91101238755518,17.6230410652591,1.6096006776481,58.9414064599414,13.9567993121598,161.647566123748,GSM4957403,GSE162694
1.33157419192005,0.0404382617936674,2.47251086395566,4.87955025643587,3.15418441990606,15.8633524122015,1.81972178071503,48.5912374983753,14.1736107586804,43.07180359298,GSM4957404,GSE162694
1.94906534121955,0.197322730825946,2.09806413796567,14.9652064743868,2.7554709911766,14.8233667789859,2.66667576230493,62.3041101628781,10.1110281447331,31.8006722447172,GSM4957405,GSE162694
1.79551857106254,0.469124603325828,2.90968950396138,10.3728662290933,2.53131817211228,15.4922815431648,3.96410289810324,71.3640766764437,13.9527919129799,43.4966468146166,GSM4957406,GSE162694
2.88003223929422,0.207409729167279,3.05188601488997,50.1194087769999,2.74817891146645,14.257937382185,1.55972116333794,42.9146684241652,12.1334691562858,115.553145362321,GSM4957407,GSE162694
2.36306919838549,0.767141304983115,2.05484278120477,6.94156333606249,2.44526290963368,11.3221837244383,1.26578315322214,78.8458981631203,9.0453751136388,15.5825577574695,GSM4957408,GSE162694
1.52906329246646,0.504086799714217,2.45322242527585,17.777461136588,2.50363110524728,19.3809372423456,2.59436672919583,49.8477218404576,16.078268549218,46.892674543415,GSM4957409,GSE162694
1.76784490221715,0,3.14551150176512,15.6718942118742,2.46149521807347,13.4972790627042,2.08384115721836,72.4623729265738,14.1820480051588,34.1363865944812,GSM4957410,GSE162694
1.7971083693241,0.361008524522059,2.05497160112557,3.62242741699913,1.39543679671027,11.8855114227263,1.47735796189027,80.2528358447885,11.7657537871877,26.4091620631137,GSM4957411,GSE162694
1.64703162252171,0.277394799582604,2.47178580342356,5.99480983542405,2.87797104566952,18.7439628860817,2.62831572604517,59.3971614606251,13.8188120276443,28.2639295012213,GSM4957412,GSE162694
1.30499961597515,0.175391948387061,1.60358352811027,6.68113403392933,2.13393537204257,15.2883315010721,1.60191312860182,51.155984946226,13.5572495104811,31.2270748107462,GSM4957413,GSE162694
1.30129963674098,0.12499619152229,2.13386355527337,9.96844627390259,2.67179359378894,18.8297834228935,3.71863669778811,47.6283565158201,15.3803907537192,49.3617772583492,548nash5,GSE162694
2.41736612869676,0.393016944794569,2.66378151471875,31.2278648975043,2.43452163025525,20.6302704196133,3.62448960199436,46.5809057561221,17.2736405805891,68.073809979626,GSM4957415,GSE162694
1.96643101048899,0.44816334657656,2.23624363750957,8.0242580148946,2.11277006243236,17.4097740858874,2.66337074536927,52.4695856530404,16.2029056350459,56.8327143877401,GSM4957416,GSE162694
1.65323163457607,0.752399536478891,2.79974521397247,18.1650745235618,3.11708379398398,18.7536864058412,3.0955866643703,47.4425114320426,21.5251206678671,50.0121763324987,GSM4957417,GSE162694
1.74982213967142,0.125200221237138,2.06282269276427,7.33116851021906,2.8170049778356,16.3118002526099,1.96147013271516,63.720492085537,15.8626071969511,55.0933140202254,GSM4957418,GSE162694
1.47966721156033,0.409835882338652,2.13966265844335,7.0665641530513,2.56147426461657,15.9303739719427,1.99701848121379,64.338501556786,15.374667120119,33.2898509881441,GSM4957419,GSE162694
1.69192860854728,0.605031941753817,2.88254503678426,12.0703872379887,2.27643268084874,17.7576874904745,2.22046722623651,51.918721740267,16.0560351542919,53.2503737736078,GSM4957420,GSE162694
1.76140611397285,0.26444703051603,2.48863544789193,7.63590800615038,1.80154539539046,17.8785081702445,2.31391151701527,56.8561115609465,15.3895775805774,48.3442227662118,GSM4957421,GSE162694
2.00719078587292,0.431297193658644,2.69679234276669,4.13234319736188,1.90766066425939,13.7493753714695,2.76030203941532,53.7692341609111,18.5063819875163,53.6633239032967,GSM4957422,GSE162694
1.09221099059347,0.0338295439564349,2.92383915623473,8.96858798667262,2.58796011266727,16.9630998981552,2.0230067285948,54.6841566692709,14.6207060286717,27.4653609996306,GSM4957423,GSE162694
2.39649581562433,0.814495309885392,5.01675407901936,16.4012901717093,2.9368821269906,20.8680858790966,3.5587179693454,53.8458511816245,15.9805546136648,62.4185348056401,548nash6,GSE162694
1.96419652398889,0.391821586391566,2.76819406489626,12.973648082743,2.52012520338212,16.1410139225201,1.98048001848828,59.4692007765213,16.1325859419687,52.4016846618448,GSM4957425,GSE162694
2.03792857932765,0.303162929156179,3.32998011073137,42.8807120906462,3.05689286899148,19.2291915064777,3.42910957645545,55.3337124113693,18.6308357053306,91.8288933606544,GSM4957426,GSE162694
1.34935173769142,0.131186974497777,2.35199504278157,8.68020481260291,2.26297531008665,17.3026248864389,3.03697845962354,72.248703378218,17.8691007841308,40.749953953372,GSM4957427,GSE162694
1.13044924221191,0.0392711895557486,3.31561043249249,1.86756323665116,3.12205956968201,17.1054081364968,3.47157315672818,66.3018514130439,22.1244064159699,91.4184203870883,GSM4957428,GSE162694
1.38258972692764,0.800708438976078,2.73036604346501,3.27246057668484,1.9234409240621,19.1075889599136,2.58315505095761,67.7576084380359,16.4123471608602,36.001418019832,GSM4957429,GSE162694
2.1437257496931,0.348168915263381,3.2280232286562,15.0331600523722,2.91591466533081,18.1893389016883,2.39540213701206,71.243394730163,18.1700652653077,36.327074196293,GSM4957430,GSE162694
2.24670081425346,0.415356453055262,3.33364010374223,7.79527565430987,2.55821815404491,15.3250348458441,3.77596775504784,60.9847838346034,14.1492591721183,38.8405483203608,GSM4957431,GSE162694
2.36368134136283,0.824908924502463,3.304168164628,12.6838560271789,2.27643135896353,16.9604900851001,3.0267812075975,56.5770375379175,18.2144253029264,51.7749327374022,GSM4957432,GSE162694
2.02840504043778,0.405681008087555,2.84459659242345,22.94727109636,3.21164131402648,21.1002419563634,3.03584621052187,55.5496923958863,20.5545044097695,103.799402100569,GSM4957433,GSE162694
1.71537791319063,0.343484492748541,2.40439144923979,10.7593336941511,2.09668659115256,17.9266192405905,1.97503583330411,60.1626299991099,13.4379362879202,47.1289347758728,GSM4957434,GSE162694
1.62837165527653,0.83450660536634,4.13460090840596,7.70443472025086,5.57602140858418,17.3024648761995,1.87384665023169,60.9948464285943,13.2003772121585,53.3752321398233,548nash7,GSE162694
2.0035234393869,1.14687673516306,5.25690846362497,12.8668647049722,3.44882218216892,17.086122789164,2.51002165467116,59.5695338068321,17.9926527799555,47.1448257918815,GSM4957436,GSE162694
1.14670613131751,0.0924408013730047,1.76077716900961,2.02685016343773,2.36494383512604,20.6539161924828,1.63928354434795,53.4355237475133,14.3995806638741,26.0374923867297,GSM4957437,GSE162694
1.3427239480408,0.327182734174498,1.74214183131876,5.90911847175761,2.14155971459672,20.4467963226972,2.30217669319147,64.2261995175688,17.4866158466615,29.2345208956146,GSM4957438,GSE162694
0.954001882102408,0.25794900674872,2.07996976870396,8.40404233098607,1.55485929067978,15.7963058418502,2.14957505623933,68.0632627038161,16.2785527696458,40.9458221962656,GSM4957439,GSE162694
2.08201908641268,1.23771835285679,2.93958108803488,41.7454895566311,3.34183955271334,22.2568282379784,5.35932046786992,48.385266686294,24.2476761064351,111.866531879138,GSM4957440,GSE162694
1.59298727059921,0.707333900004872,3.44750976472963,16.615412004036,2.59009031031196,18.3490735236558,2.53808046472337,46.8312652709108,18.0227117425874,31.8716333766901,GSM4957441,GSE162694
1.35639115497001,0.629169391160788,2.4145396764677,16.7174755903884,2.1091473908231,17.2572175861245,3.00285391235831,72.4974730269362,18.2208885610599,49.8402252929756,GSM4957442,GSE162694
1.88841895878609,0.585340193867274,2.75946091394572,15.0128920093736,2.60964169765826,18.7959240030713,2.26981919621865,54.2140086396813,17.73804354853,51.3392128371088,GSM4957443,GSE162694
1.34045209050064,0.429511057167459,3.22841278134662,12.510886178006,2.46142875069044,18.1669017476654,6.33694005882451,53.6355109494796,15.3550202937367,36.7727543559525,GSM4957444,GSE162694
6.52653161838222,4.11155678278146,5.25014173801325,133.428802978999,3.73202846437086,23.661783375194,11.0316231218013,45.6918035132654,22.65606157012,118.507717423709,GSM4957445,GSE162694
1.79337481989839,0.633716582992942,3.22462587808654,4.97920172351597,3.22139263021412,20.5160354997511,3.21686608319274,46.3100579879458,18.9502004988738,75.9026493034761,GSM4957446,GSE162694
2.06200798402945,0.785526851058839,2.95975295666813,7.76071435259057,3.19120283242654,16.0986246916404,2.74279792161378,63.380938937677,16.3907132659087,55.9196927097511,GSM4957447,GSE162694
4.09135503203594,1.19094889051343,2.99762645911544,54.0968054235863,3.53031278259339,21.4249274895426,3.99818556100938,52.2468842023228,19.0826520514931,79.2654465433091,GSM4957448,GSE162694
1.31640713640675,0.426942855050837,3.18682345377232,3.56181030000745,3.21096605569484,17.6927152194281,2.00663141873893,54.0110079771043,17.5535775925589,50.2058113611344,GSM4957449,GSE162694
2.32840244311444,0.527896910179793,3.86118882874362,165.680445259928,3.01561109940206,20.806679645515,3.39437713245607,46.6092364234128,17.1558247419211,42.5220961149823,GSM4957450,GSE162694
2.24621055773642,0.774696706956538,2.28719980149073,25.1537325838975,2.95532447468605,17.7155511506146,2.80612362742035,55.9260394802613,13.8737061883548,69.6294530965474,GSM4957451,GSE162694
1.39359645980857,0.34044906803377,1.5039618170283,19.815881652222,1.68915114524448,12.2187544637175,1.66034391641085,50.7289256285586,13.1162913783107,51.8988415827634,GSM4957452,GSE162694
1.45747635108754,0.251521342560562,2.753260410529,7.01465077585566,2.31085233477516,13.2902080827982,1.22616654498274,65.2020711099302,10.2190370467672,34.6509949586949,GSM4957453,GSE162694
3.96342502464249,0.416506716517893,5.73192576541291,9.01917013299239,5.27575174255998,10.9481765484703,2.9710812444943,30.9389732757009,11.4495960926117,57.1250531335304,GSM4957454,GSE162694
2.10808643369589,0.68476125456479,3.59499658646515,8.07257434548047,3.6891512589678,20.3520827160292,2.92393055699165,58.7551493387919,16.2534503407714,69.1480474375207,548nash9,GSE162694
2.46883732107549,0.89278987994612,2.47794742189127,24.9036415189203,2.93345246268011,15.0498865476632,2.27023712329156,57.5309874286159,16.7331674671449,98.0793453826523,GSM4957456,GSE162694
1.47692733829707,0.436223264475927,2.59241254317123,5.89870792074671,2.02843817981306,15.8535997832394,1.50060802979719,68.4602080141374,14.1690769092587,72.1295167810946,GSM4957457,GSE162694
1.78993661412317,0.429207462148111,3.51855787651089,12.0288142596894,3.39238974890142,15.2580894510895,2.5554351977126,46.204564253613,11.0448699093643,56.0239547948136,GSM4957458,GSE162694
0.960509123887124,0.102259526497489,2.68796469650541,9.98734708792138,3.04861213370638,22.0661449677795,4.13128487049854,48.693233377006,17.829907127898,52.8745664196077,GSM4957459,GSE162694
2.35540774755511,0.467188313564649,3.28144172622789,13.3321702074653,2.55006954487371,17.1413616953125,1.9933368045425,54.7838193592188,11.1723705298546,46.9037600639176,GSM4957460,GSE162694
2.75067908237326,0.40679056851999,2.90080417313659,23.989343804665,3.92383402551574,15.3515012167663,3.55263763174124,47.9726031350144,16.1116608245326,71.7731109332457,GSM4957461,GSE162694
2.52166853213252,0.49923942656361,4.04485821113782,6.6367145991591,3.50359097570533,18.9456268101027,2.75294883790791,83.6829515723959,14.5548351570252,70.0629045243466,GSM4957462,GSE162694
0.849273316988685,0.571855379775949,0.697799719369461,5.88799242880421,0.732689705337934,2.96479783205269,0.986450530113511,16.8935610108811,4.2226456493612,18.2576743647217,GSM4957463,GSE162694
954.117523116999,428.988748783364,1803.99209552024,526.924593348365,943.035800090597,6007.19380012862,1398.30612510579,2060.97436600746,2815.04810277587,4273.24523214026,GSM2385720,GSE89632
1080.60445110364,499.698646457353,1210.02152352215,542.265856906118,764.869651280448,5861.31983947534,1583.02691861803,1748.97371543184,3418.15253934584,7690.15339963568,GSM2385721,GSE89632
622.426275427825,490.345303631023,1062.40544820841,504.559867156987,737.34769541686,6536.43981050757,1712.98352755377,2184.65616403844,2540.0630285838,4356.69768053232,GSM2385722,GSE89632
846.799501308824,372.173925882324,1380.60472580782,530.372191106705,730.764552445294,4725.89540168609,2252.15552555815,1980.31173671377,2842.75066678008,4487.44078072287,GSM2385723,GSE89632
810.359398492839,444.674926881711,1939.45387594032,524.664950088631,1124.77976729722,6164.11061235802,1568.94659657393,2038.41129319606,2922.66265294242,4159.01897341507,GSM2385724,GSE89632
762.179866205368,356.445611841723,1863.7055709808,509.459780043331,897.28176005373,6009.00228405345,1182.25188229939,2399.593357264,2623.10653009608,4947.55331843935,GSM2385725,GSE89632
1089.44388044224,456.734037994823,2185.92582082124,590.230694157022,1103.03401691113,6638.51720915187,2285.15859721912,1671.69341829249,2398.79566237069,5031.9051950735,GSM2385726,GSE89632
705.728280490509,378.759168071379,1441.57962234637,471.640080675974,820.240958118102,4524.22969382712,959.590958358676,1997.17780215513,3206.81654242129,4748.40089364446,GSM2385727,GSE89632
1150.00235696017,435.745339829017,1594.00906630048,541.448768925849,778.528709586752,6685.35163242163,1717.61150145116,2276.94581717811,2675.04901785325,4853.55803239695,GSM2385728,GSE89632
783.150512408104,406.161068415363,1334.84112500038,421.450208275282,772.218563815224,7021.32142649193,1593.52473329879,2486.2045490931,2678.70936715293,5449.21076967292,GSM2385729,GSE89632
893.565426342334,483.621274529182,1430.41753373597,560.713650537434,815.062122089379,6067.64734955945,1542.00925217726,2355.97757936511,2816.75531915709,4970.06131788481,GSM2385730,GSE89632
976.162690832497,687.113919922361,1084.95324604253,696.358127668538,802.139944619673,5746.58337409668,1757.87557604478,2512.70289658955,2333.60851052158,5234.5642224225,GSM2385731,GSE89632
673.047188990414,392.667463296271,1423.03134763081,573.099510531566,822.533982230449,6258.19168168759,1505.29354853048,2263.08296543302,3084.40601279195,5936.41443457179,GSM2385732,GSE89632
655.95050280697,1037.9922811171,891.609759685086,808.378056100663,1048.47535861505,5919.49750603339,1728.68636274009,2055.17155719507,2198.29294810907,4520.43131113789,GSM2385733,GSE89632
650.165040988806,802.69508299229,1108.31366248667,583.870491747015,939.667199062978,6631.99362105329,1789.56968021177,2225.90307413846,2368.7385669412,3906.70372588259,GSM2385734,GSE89632
906.895579281586,607.477567643446,1271.87793645159,609.984422290381,754.57597757953,6312.34797278286,1536.00548210089,2347.24082770469,2488.73411243033,4761.75438094139,GSM2385735,GSE89632
860.992033562466,377.26873868485,1166.36385265204,456.245174981065,654.508116072121,6571.57776253616,1335.98272966974,2592.92738774795,2474.4949793783,4270.48205268307,GSM2385736,GSE89632
723.331451583199,784.685510315548,1440.11150212518,703.678657792069,986.456112509199,7139.11693535355,2049.72311781211,2288.27734567049,2556.15542991168,5572.55424270384,GSM2385737,GSE89632
823.403331674957,432.053789535554,1752.47244104237,519.876494131158,1021.36352003131,7365.9385710209,1748.96310645088,2110.7867764433,2871.42638419969,4687.35607664123,GSM2385738,GSE89632
998.056813683563,381.635349784871,1474.61743826447,505.302659684038,769.643570446084,7371.751055351,1427.99079936813,2470.31381515141,2623.35412030908,5230.27046428136,GSM2385739,GSE89632
639.510048436778,842.909393340163,1253.69339922053,716.965925368914,1014.11405646759,6269.03338845937,2075.23850621674,2329.24279294183,2606.57371651657,4553.21362718633,GSM2385740,GSE89632
1016.9101728118,442.235988788122,1443.70681720653,527.868759575399,772.354306887114,6625.38875392785,1475.21693609161,2041.04600567029,2461.14940478319,7171.61352261467,GSM2385741,GSE89632
811.049321745568,477.640240013317,1346.86439177015,541.376825523188,754.432278247025,5932.97923914692,1433.05848811939,2265.9247118787,2567.18876214412,5047.3315962134,GSM2385742,GSE89632
711.213083152884,481.157155952075,1349.75921926237,533.164346088917,740.268128266822,6865.73130805326,1688.3978985106,2128.38935630827,2502.10146367697,4885.19914904411,GSM2385743,GSE89632
778.396612063611,561.890325385046,1406.1275708223,581.669075121524,945.257077645307,6828.39460719852,1868.48026222496,1857.70468947186,2713.88429092361,4750.24944039655,GSM2385744,GSE89632
686.568609512935,440.404072618015,1133.15348467355,497.173896665137,600.455025023789,6228.22283461669,1387.60877649377,2272.8722255663,2928.6617394351,4559.71251517836,GSM2385745,GSE89632
776.418007152161,434.284830398106,1438.99628254613,507.512568766975,688.992810778513,6415.5784034206,1416.76480782401,2638.0354432374,2670.44531792804,3958.98528643722,GSM2385746,GSE89632
1058.15876704536,467.199849741403,1565.07376996466,439.122576384702,1068.14978578894,7693.08062271977,1964.46872845853,2020.34179673023,2703.94428458308,5274.10878939926,GSM2385747,GSE89632
774.432417756177,444.531602162628,1288.2511601944,483.039602370774,654.127981702059,6389.09021259734,1465.06925766581,2271.51660041815,2564.11878713705,4634.43015813878,GSM2385748,GSE89632
755.321938988956,585.767280542977,1349.28009606483,545.577773411359,1000.46099147805,6743.48606000987,1944.55636659827,2608.86123399575,2701.00970829882,4438.6857870811,GSM2385749,GSE89632
721.373659332354,365.55558920992,1086.34932996487,499.872181526459,604.536281078482,6662.9288005384,1428.13440993298,2451.74698973245,2779.49142949467,5090.07626489101,GSM2385750,GSE89632
556.418148043622,895.579922274524,1122.04596289631,617.355154902289,847.08002290858,7411.82020004179,2184.36037147219,2311.13440456577,2441.89983427673,4700.60313654886,GSM2385751,GSE89632
765.755717685817,655.836836099468,1386.38259374941,584.401969042523,886.64101689376,6572.75716256899,1522.01661989434,2819.21342456766,2811.47514338101,4437.23903208946,GSM2385752,GSE89632
711.802558255293,909.181567235436,1386.13374900411,638.472222373994,913.04283530447,6359.59099174864,1776.26384822425,2310.42108081109,2554.59141275305,5514.57620045703,GSM2385753,GSE89632
739.02344949389,389.647324517809,1526.29123300229,533.39953809492,729.659850343977,6796.10428767357,1438.39971508407,2426.02032521889,2553.23396494876,5098.79320067148,GSM2385754,GSE89632
706.710697866621,591.225629039111,1774.52582398751,550.671348585737,1013.21710482315,6508.72285070289,1750.65117673837,2644.79432056385,2509.37427486471,4124.2404971328,GSM2385755,GSE89632
703.137544471666,562.995809957404,1152.36055957368,597.384655769714,805.395802592127,7014.44400942524,1703.88976761185,2264.3267435449,2356.38816927566,4768.1470990091,GSM2385756,GSE89632
609.45656911547,590.989883707509,597.915594231387,508.54883400198,562.486919519421,4527.64358073511,1462.27459457465,3024.23574895767,2934.02661205978,6193.82283083399,GSM2385757,GSE89632
1086.5459926247,571.196864617111,1191.92692682595,580.924690967299,585.933240362156,4860.83811641084,1819.3610204986,2292.38797319307,4439.75534940001,7108.23890782898,GSM2385758,GSE89632
820.541324521493,424.42446224741,1397.07392415673,485.939028720718,782.7638432526,7427.70610716606,1714.96999896988,2562.10201480963,2847.13937946623,4893.18234443214,GSM2385759,GSE89632
825.734545417798,682.628245184968,1719.24091867843,647.024585697926,1015.78681682087,6610.48173176456,2317.88011251908,2611.36363693372,3524.75347532495,5725.24667351127,GSM2385760,GSE89632
564.557495312393,741.913534960319,772.311430461446,584.115205725361,716.835046950485,5820.94003792128,1739.06662200856,3493.57203677129,2714.24591961804,4629.38423766643,GSM2385761,GSE89632
560.117006525266,693.491613164659,713.809610894409,596.082967686164,742.381657229184,6005.57922293817,1716.29113923663,2784.49794586619,3332.13988873383,5665.20270785837,GSM2385762,GSE89632
574.773489695536,438.16127550412,949.877116439783,434.153756374006,620.878735649798,6594.75011187529,1362.47346272513,2921.37476083832,3043.97886453365,3970.00434424412,GSM2385763,GSE89632
693.858369225209,387.479520164706,1083.59450342697,477.755976281124,543.188057750162,6379.04839978778,1442.5317397338,3280.36457760977,2906.81389439221,4469.80804867873,GSM2385764,GSE89632
572.504990494152,740.863398212616,843.138881296682,605.151896346609,721.302508548836,5017.16266584517,1790.00902264527,3606.85903494075,2798.82711796584,4873.58551539996,GSM2385765,GSE89632
880.42370246253,829.83856801604,968.819543954497,807.174230049936,687.162058245502,5665.66156030046,1580.60802816804,3207.94889768069,3252.13258073658,7137.65196634743,GSM2385766,GSE89632
1197.19681483876,1756.81644647287,2438.58463216771,2540.82732941299,1923.94071171839,2751.31785337151,3493.63738411695,1360.51389467701,3357.97219575423,7801.55479050746,GSM2385767,GSE89632
635.195709930579,496.877447001003,997.762803620683,525.427532730164,677.44148431386,5130.49957531705,1427.03182056559,3242.29064055882,2833.32394929702,4748.34157998103,GSM2385768,GSE89632
637.51162214206,877.21291961908,850.985952952873,656.415535016471,903.74492803396,5365.79431385667,1720.34966588443,3555.26672262154,2927.58714074923,5097.74713825447,GSM2385769,GSE89632
683.166619343606,555.106586127088,892.7988127711,541.550308729173,639.059827738743,6073.75850125353,1392.56666181975,3358.92016126201,3021.52324352597,4767.30778209604,GSM2385770,GSE89632
512.982441410397,920.614751760355,825.073955709776,634.839569658719,897.704126752935,5931.20822026071,1422.808267775,2993.55554125669,2680.20172871266,4183.54094160753,GSM2385771,GSE89632
625.544347085531,713.899682438389,1116.47325137538,611.08000716963,736.491349053067,5961.75428280169,1529.98507765217,3025.51768261233,2783.34755566957,4543.66995773584,GSM2385772,GSE89632
674.53635637447,922.047331331202,928.410255304226,872.669002711633,1072.72586811769,6444.73945859842,1721.53276319978,3248.34206410689,2510.63139205304,4889.94960222813,GSM2385773,GSE89632
633.200720330642,627.272225994078,964.547352129252,539.951994714773,675.466365870012,5853.10521204963,1704.8849025781,2687.8722821553,3078.86193225391,5436.73908074014,GSM2385774,GSE89632
566.869300588603,928.606777290145,717.428346739668,734.37190402565,830.910023684698,6623.67038252495,1475.36138804601,3167.49126183732,2931.27332872535,4570.1657261491,GSM2385775,GSE89632
671.640763864734,808.386489474905,913.17404892063,694.233285355842,748.05886261009,6149.90539477553,1345.14207568443,3349.77762484129,2435.69711978466,4357.81132204003,GSM2385776,GSE89632
643.20757464518,429.454655368195,873.572939186149,444.197650928843,616.299819455017,6513.82837271519,1373.91295344946,3025.65056372339,3149.03687102065,5948.23669995992,GSM2385777,GSE89632
621.234727811418,838.741714783579,816.371258326862,678.727614808177,883.464240133818,5637.4287148968,1684.38742056889,3445.26290303173,2833.8502744403,5217.44063814279,GSM2385778,GSE89632
573.157363099665,376.122408204082,639.806389773653,465.609556584883,496.165013794613,6037.53214074477,1199.92430890686,3194.44654432998,3148.63195461944,6631.73981654879,GSM2385779,GSE89632
470.057493808119,415.124041097703,678.785784010162,405.12746442594,513.964912440777,6424.01328800821,1219.92102850774,3185.96807101552,2857.17660704505,4733.1126901605,GSM2385780,GSE89632
520.436446406982,684.813460975241,680.564788010151,606.928169434385,700.930503744385,6536.48362925863,1486.62342541215,3454.55199830514,2745.76599597893,4781.53835510252,GSM2385781,GSE89632
874.098775391924,948.625440956022,1163.00987028072,1752.77648580949,1451.05616833976,5328.3471383443,1820.29189674413,2143.97756080607,2034.00013748729,4358.43548641988,GSM2385782,GSE89632
0.585534494151046,1.14099621972032,2.33127134594018,0.536592537439528,0.398021937111738,15.7123898031253,1.60977761231858,27.1432007684629,8.72994782065078,37.4240126369312,GSM3998271,GSE135251
0.552086214690825,0.756282485877843,1.32889636804249,0.747879347145867,0.315117702449101,13.6130847458012,2.09238154426203,33.0333385795929,7.33239503886252,66.2456189973623,GSM3998209,GSE135251
0.492391173251984,0.497923658344703,2.26436711294853,2.64176163177328,0.470261232881108,11.8375422108854,2.42737783443043,24.546450823874,10.593844501761,40.8556735081377,GSM3998224,GSE135251
0.507594722703516,0.829238903426536,1.48078375611881,1.14753262393369,0.485816731300395,13.5585945378443,1.96630133918565,28.571049490787,7.26172988583039,40.0107770903304,GSM3998221,GSE135251
0.580853317149214,0.63569783636502,1.3889196424782,0.698021153655708,0.353165464647233,16.6029317262393,2.16885144171595,25.1474585267927,7.74873594289788,47.831587937671,GSM3998330,GSE135251
0.227492437310651,0.385748045874582,0.695194280477269,0.32969918450819,0.197819510704914,14.7135326069305,1.28582681958194,25.5356728389943,7.74834295992309,45.7667801735237,GSM3998265,GSE135251
0.25353338384986,0.492981579708061,0.990993583698858,0.496894131927967,0.168239745455926,6.26790865628821,0.727734712902376,32.1771089245165,5.19391307192422,31.5420178588211,GSM3998203,GSE135251
0.264290824301607,0.0762377377793098,1.01831835462364,0.313421810870496,0.17788805481839,11.3920962453083,1.55016733484597,28.9349442635973,5.49626440802712,41.2350864213842,GSM3998256,GSE135251
0.864269330397707,0.397226851018445,1.90875240099772,2.37934871367614,0.357102926673147,12.9227696337819,1.97409707778863,31.4737794553705,7.1004299619547,73.9970428266518,GSM3998367,GSE135251
0.58695276637896,0.697113989394366,1.24669062653596,0.852028209259781,0.324172348977627,12.2824845750436,1.62229613581281,28.5484776609121,6.05052986859763,46.1127994466051,GSM3998379,GSE135251
0.343383971324185,0.0903642029800488,0.684186108277512,0.37651751241687,0.12550583747229,8.82341896240905,1.20485603973398,27.3545351592462,5.14369986650496,24.1667765344768,GSM3998268,GSE135251
0.280120565327833,0.287303143925982,1.05173472330047,1.60011889880999,0.319225715473314,15.9094115949013,1.66396404190465,22.1120812557319,8.0074528590308,70.1558364574258,GSM3998357,GSE135251
0.246951264785273,0.194961524830479,1.40650814341988,0.252727902558028,0.353819063581239,18.6188256213107,2.17165476269505,34.1762911086762,8.51433534220606,31.6162606100093,GSM3998182,GSE135251
0.567604907105697,0.439841440930614,1.76834211965982,0.88666449203473,0.359552923935343,19.6133377231304,2.47672620904977,28.0398918593266,8.37760494522529,54.8427296660359,GSM3998184,GSE135251
0.560360151180542,0.732580931589241,2.42908414158538,0.775421921740658,0.432694000529318,14.5634885949019,1.31736044715609,29.873328439656,5.77871405904934,37.7953925363344,GSM3998212,GSE135251
0.483200693659514,0.585041198601206,1.93156459220715,0.624766218259312,0.46947750505035,17.7833951638303,2.8222820784373,32.6996241361031,8.60193387318335,43.4718112849507,GSM3998269,GSE135251
1.0557027412547,1.4767270487789,1.51263530528416,4.30799332906186,0.254848876030402,17.4738553218732,2.35647933315782,21.7536706440941,7.65659409998529,129.739897152559,GSM3998378,GSE135251
0.281077133570281,0.21559893768175,0.756307384566139,0.771897431206265,0.234230944641901,7.42276342590025,0.96221007372781,33.5889456086726,4.13680461676858,23.1708969414081,GSM3998339,GSE135251
1.03935348844987,1.53929567276753,1.70281059771353,3.06982043002071,0.469243980017451,26.0439806319165,3.62458083630302,34.5777681803914,12.0084797035774,108.604216809717,GSM3998355,GSE135251
0.374206211419669,0.350818323205939,0.845722743442889,1.24248156135437,0.238751358848486,8.73287040266213,1.02322010935066,19.6332968737038,4.95119766305882,34.5994571261858,GSM3998278,GSE135251
0.779609356267297,0.365441885750295,1.66015028097991,0.933907041361866,0.332958162572491,12.1483324020134,1.31559078870106,34.9414648760961,8.12194591080031,51.929291965117,GSM3998243,GSE135251
0.342310931973461,0.30427638397641,1.37467723475057,0.325406688419216,0.346536992862023,11.7418083173754,0.900150969263546,28.8057366009096,6.49321049087159,24.674913013087,GSM3998205,GSE135251
0.234930168880666,0.15189450574181,0.572859278797683,0.56707282143609,0.259908376491541,13.427474307576,1.45312410492998,20.7184105831829,7.27954418767623,45.4620255685237,GSM3998239,GSE135251
0.408334846939022,0.515188825577271,1.25935046252222,0.416603309571743,0.337098861180189,9.08531405105314,0.958823647602142,30.5351599159608,4.74939698579046,30.5964919190057,GSM3998171,GSE135251
0.841008348391452,0.976654856196525,1.60450440660858,4.40851150366487,0.339116269512682,10.3595175817989,1.4921115858558,28.808411546916,6.55172632698502,56.7324563081242,GSM3998168,GSE135251
0.343499986944245,0.551069497771516,1.23597015928754,0.443917095427055,0.208181810269239,17.1973045411697,1.92874324220031,30.0096703643574,10.6735273349621,44.2474364866917,GSM3998213,GSE135251
0.476481023877227,1.04085660555705,1.5315461481768,0.470312984733186,0.304546932737063,17.9126465356342,2.0528005276264,27.8057407484526,8.86137608043518,29.048573100088,GSM3998176,GSE135251
0.274634572145116,0.349770445656516,0.882753981895016,1.1702196391718,0.28931629455539,11.2703810267099,1.02340241506906,30.4688921549676,6.67235704318367,51.8971898742855,GSM3998207,GSE135251
0.556954755346127,0.689806348364469,1.0456588296636,0.579096687515851,0.204387066182065,18.7178405163343,2.08219323672979,26.6779867903179,7.66451498182744,61.603539166438,GSM3998179,GSE135251
0.198314524853272,0.318719772085616,0.617203368165796,0.428894508115211,0.141653232038051,10.922475998934,1.47555450039637,24.4705958345734,4.30603692078171,26.520141035624,GSM3998319,GSE135251
0.448489807854765,0.923361369112751,1.06940321830916,0.736490615839932,0.348092579625839,17.355424917405,1.81924174509715,32.02085319316,10.8144578208362,45.6734105793271,GSM3998238,GSE135251
0.731757335364204,0.695169468595994,2.10641575822696,1.36188170748338,0.365878667682102,16.4331790170361,2.06111649460917,30.4411051511509,9.39736490524749,64.234573594939,GSM3998365,GSE135251
0.234934613944511,0.163149037461466,0.452155903821778,0.253787391606725,0.090638354145259,7.45824171252417,0.424187497399812,15.8860548476765,2.54410530291474,11.0044025767759,GSM3998259,GSE135251
0.568835843911445,0.670679815965459,1.13909111600483,0.641699823917568,0.310499914798823,13.5679591340949,1.65185954672974,27.2423753818351,9.74115857702609,85.1903091237792,GSM3998227,GSE135251
0.257658511103116,0.363364566940292,0.835266601927685,0.642311103177284,0.278946536236992,18.0313767568683,2.45546358871773,30.2418419121671,7.50574933586041,29.1971687822137,GSM3998186,GSE135251
0.378922884106456,0.710480407699606,1.11646921209938,0.487382695136928,0.350091795098357,16.6720185111125,2.06966031808146,27.7638974226216,8.24485483989448,38.6632626211748,GSM3998262,GSE135251
0.38444934873062,0.487330160362758,1.48519667920079,0.487330160362758,0.339927827907356,15.3973124476519,1.80492651986207,32.6723930925746,8.6644933546441,40.590541273548,GSM3998270,GSE135251
0.255947693410948,0.080655785738744,0.493152518516892,0.754579684355805,0.10395634606327,7.11614475317833,0.658688916866409,8.90094206902568,2.92982141695988,50.6699809957225,GSM3998362,GSE135251
0.691009525400796,0.713767324141541,1.76890162939425,0.593082027789107,0.293092862570198,21.7632533801915,2.96885829026989,28.4708928921551,10.0024404635813,91.1876548293218,GSM3998188,GSE135251
0.70134297292915,1.14073857042693,1.6803260212003,2.33499327131833,0.18026486051191,6.75389661538484,0.984415136701759,14.8603832499902,4.35065015887827,41.1046131543837,GSM3998360,GSE135251
0.840837502994374,0.998355874267727,1.67343460829638,1.0797033899488,0.591618295862357,16.4158230183165,2.01889743463029,24.2529166313181,9.4615018167581,66.6818527687986,GSM3998381,GSE135251
0.497251949006125,0.476092291601609,0.957852348579428,0.815528462465719,0.176330478370966,13.3815940532309,1.56713712652196,30.6172685622844,7.14758349240436,93.9687160548676,GSM3998214,GSE135251
1.05932401282046,0.923062417810358,1.2668560734234,0.934051256117624,0.216113820042901,15.7909606475415,3.06588588772726,26.0152897754307,8.07988676661455,132.595443829839,GSM3998327,GSE135251
0.576835541481891,0.599993172709266,1.22705370659339,0.964901301140633,0.371925592439662,16.1592146213879,2.29997382871885,23.6726629608412,8.29135302155141,62.7190231656417,GSM3998282,GSE135251
0.61149049284588,0.375077811596915,1.0326817669941,0.511469743086702,0.299304516324811,18.1498691689624,1.46053026636981,32.2445139463088,9.22670105289115,45.1329425795424,GSM3998236,GSE135251
0.281811399130189,0.0670979521738546,0.96812759565133,0.253481152656784,0.402587713043127,15.4469071325952,1.67744880434636,29.2091763945398,7.52335788749344,39.5416619404547,GSM3998252,GSE135251
0.379856065274913,0.335167116419041,0.778066520258488,0.516715971146022,0.256030436153434,8.85200294971003,0.858865735823793,34.5940345161082,5.71617043080286,55.3444700986942,GSM3998369,GSE135251
0.4825308961562,0.594161178102784,1.49697751366156,0.50413675717812,0.270073262773993,17.0531974494435,1.97603603929638,27.3699960874101,9.93110025956741,86.0622210987175,GSM3998226,GSE135251
0.329980216715478,0.614669031136674,1.24782434892408,0.632641809824881,0.309131793437158,13.5596912583083,1.563631745874,26.5555507737694,7.48622397297216,33.1193379276932,GSM3998295,GSE135251
0.619934869965204,0.86422147299982,2.32105195605666,0.641444382182089,0.41098532271547,15.7337692170139,1.54407569842634,37.1763385642437,9.32386941682681,39.0671316869569,GSM3998246,GSE135251
0.213917157279079,0.395281703667863,1.18252341601478,0.496039784994966,0.217017405935297,7.2113998206969,0.995954880810204,13.6770791164069,4.53629352205601,27.6551868411744,GSM3998343,GSE135251
0.760836152117719,0.783547679046607,1.6303631831094,1.87370097163319,0.401236975743673,16.5469696196178,2.18598446690539,30.4366905885558,7.16371240802257,65.9414989675908,GSM3998199,GSE135251
0.381618265885712,0.47702283235714,1.79126941130028,0.662531711607139,0.49595230983163,18.4919361237222,2.53276408608672,31.6368357031146,8.46928484055512,50.0618426029092,GSM3998172,GSE135251
0.295897867136695,0.377741958046845,1.00281496005293,0.461684615390588,0.223847086249982,12.739797227937,1.29061835666005,24.3373747255896,5.26182743123066,38.8523343099432,GSM3998323,GSE135251
0.973511312265495,0.683165833168769,1.64081793859285,2.43852248783852,0.507630167701793,14.8039596169697,1.6865656506354,38.7727108797971,7.91378233696087,85.8333822579698,GSM3998376,GSE135251
0.265262567590334,0.301434735898107,1.05071536513054,0.371769507607665,0.184210116382176,14.3310685866986,1.45191064457588,31.9779192682763,6.75308006766728,29.8947899326948,GSM3998299,GSE135251
0.472565207409973,0.662110592799687,1.48001191331695,0.493337304438983,0.350529137364541,16.9589335029701,2.34984347640673,31.2888984757062,9.56165591366608,48.4022317177536,GSM3998190,GSE135251
0.470988989337771,0.184943320420591,1.28403505320582,0.698674766033343,0.300019164237847,10.5470533588428,1.59667733296443,38.8935802844502,6.89838585168803,27.5010717465418,GSM3998222,GSE135251
0.679185700874046,1.21443800818538,1.57105869312871,0.554743287689618,0.329847360247881,14.6455440749023,2.13088891251046,30.0838462940366,5.36587626880519,50.0196654621353,GSM3998169,GSE135251
0.230966093022714,0.314953763212792,0.859873766231748,1.08095242189082,0.136091132252441,6.44405398065537,0.787384408031979,29.0057418120733,3.8374053997003,22.1561223704554,GSM3998341,GSE135251
0.504876060061373,0.09878009870766,0.837278931903023,0.534144237456235,0.567070937025456,17.6628224117744,1.44328699778414,31.2121592845085,8.5691735628895,48.9126122100763,GSM3998245,GSE135251
0.253444007698648,0.245268394547079,1.32561727529016,0.57229292060985,0.499620803707012,18.6170390908592,1.81907392622417,25.4057178685016,10.1581993408248,36.4530151395596,GSM3998293,GSE135251
0.506667064104208,0.625108715453243,1.63562280434383,0.928524056872069,0.193747145725274,15.6982188692769,1.79307499958957,24.898597143711,8.41737673259162,53.4056695978672,GSM3998241,GSE135251
0.350267281588532,0.276526801254104,1.24217594849066,0.505258846735894,0.361874579418951,8.97614775499434,1.15731587191533,26.5729088062277,6.76626516818637,24.203776409769,GSM3998306,GSE135251
0.935153450349383,1.00727964731782,4.96711445132385,1.98139782476509,0.824891563029819,17.4648434087857,3.23946108797891,32.019767836431,11.6874750744921,31.3562423544677,GSM3998223,GSE135251
0.381082014284578,0.343598537469702,1.67336950066413,1.13838707363699,0.197829460967404,10.3436546734385,0.603900459795233,28.3647286159241,4.64541318130202,27.257515796318,GSM3998366,GSE135251
0.582279761130102,0.200786124527621,1.82141698678628,0.643259250801454,0.527993142276338,19.9256325483601,2.37039174789553,36.6960545684291,9.44740546345068,63.4902457933383,GSM3998377,GSE135251
1.20332254897815,0.461632691423843,1.89269403483776,1.81575525293378,0.200040832950332,9.81958682185861,1.40797970884272,14.5150507689126,4.89763433557484,29.5906555202684,GSM3998280,GSE135251
0.25528377160247,0.398242683699853,0.582046999253632,0.381223765593022,0.241668637117005,11.505274895021,1.01092373554578,24.1461978825708,6.75768053903189,32.4376324386679,GSM3998237,GSE135251
0.37656205014735,0.492816105897538,1.02895670462123,3.86671098473453,0.240089897744954,8.94109220699819,0.884541728534042,18.5618373952067,4.94356156228468,29.1377522611919,GSM3998284,GSE135251
0.217490647591453,0.0310700925130647,0.612524680971846,0.569618362739519,0.390102272664034,18.3757404291554,1.88491894579259,32.6990530776782,9.67833381781964,35.7577927209733,GSM3998177,GSE135251
0.452420879153066,0.440669687486752,0.824681843725208,2.03197689230002,0.210542184021448,10.7712262184262,1.81409021348713,26.1348601085893,7.67040674781628,100.362521325108,GSM3998242,GSE135251
0.48038565438129,0.612637575425532,1.34196802236069,0.865472130363052,0.298215116080153,10.4856880256506,1.5656293594208,31.7487962557258,5.64684098539545,27.747376853648,GSM3998307,GSE135251
1.12265878200631,1.34838910650224,1.38263390920706,1.52817432070254,0.263019109663401,18.398020253164,2.64683787572663,31.363958677276,8.89468619629501,76.1577658403059,GSM3998258,GSE135251
1.43921714695471,1.85200157834761,1.55189044838084,1.82435976374541,0.202706640416157,17.4735756592499,2.32191242658507,23.9674276754389,9.50964802986422,108.183151899373,GSM3998382,GSE135251
0.282159287921282,0.549241361984175,1.12617556574906,0.581549677395009,0.215388769405559,14.104887413644,1.59926161283627,32.0660030452526,6.97455758931375,34.715284908941,GSM3998266,GSE135251
0.555813558638384,0.612172276122696,1.09941143466933,1.17252044421384,0.275315573917614,16.5578025160805,2.28349976014021,28.1869935437855,7.52735047262178,92.9117184320029,GSM3998301,GSE135251
0.24981700161129,0.297401192394393,0.798734631002083,0.684022742507103,0.148700596197196,10.404793145341,0.897160263723085,33.1772273058259,5.92386000100581,31.6583569303831,GSM3998200,GSE135251
0.408493422944328,0.588507473733354,1.28581464849304,0.565428749273222,0.180783341604364,11.1025149456418,1.14239686077651,28.6588303385276,5.81259311832594,31.3942773671727,GSM3998167,GSE135251
0.244405746867857,0.249960422933036,0.599111489887117,0.595584711433036,0.135780970482143,8.01063641113966,0.629529954053571,19.3739165901907,3.3189189489442,25.3050211494291,GSM3998304,GSE135251
0.371974366099744,0.713183935003269,1.09075190059323,0.456810625034774,0.275018641602568,12.8433039723698,1.08375990123046,18.2670977637812,4.94640254920466,33.6192809360732,GSM3998273,GSE135251
0.567653549919497,0.819293783388965,1.31672215187512,0.403144560080284,0.211325777461439,9.76046420516955,0.877814767916748,19.6546906606883,5.22756982102088,42.932457274195,GSM3998309,GSE135251
0.384618294979573,0.292644354875762,0.704735385211019,0.357676433737043,0.111483563762195,11.7475805314413,1.20541603317874,25.7855510648184,7.23380264708525,33.0426831407044,GSM3998230,GSE135251
0.376728136051169,0.672728814377087,0.999482809931671,1.00460836280312,0.263111714067483,14.4463707681662,1.42618508647942,26.70156768379,7.78935875946869,50.2662970102559,GSM3998264,GSE135251
0.715132403531904,0.910408410400395,2.01307698200336,1.0291573334961,0.290275145345053,12.7513724562291,1.55693032503256,28.3357549348843,5.41668264829257,60.5223678044436,GSM3998335,GSE135251
0.997265693831776,0.628806908721363,1.233974459972,0.728092210098421,0.117671468298735,15.3466708699966,1.83126222539906,26.4524410097446,8.23654312673838,86.5064557123186,GSM3998191,GSE135251
0.674330245154839,0.381042775515577,1.39055870025814,0.777481218728753,0.415683027835175,16.6124752909843,1.6049983574747,32.8562793251386,8.7185185056888,31.9686228594489,GSM3998244,GSE135251
0.104114244421585,0.138818992562113,0.644516751181239,0.15809940819574,0.204372405716444,15.7311665499852,1.36505342686078,28.504992776281,8.40830976042237,26.9352226505675,GSM3998288,GSE135251
0.395451127571654,0.085144979620691,1.82048075474716,0.725309085657738,0.520330431015334,15.9748199859773,2.37459887608816,27.5849461356844,8.75662899786544,38.1201169176802,GSM3998263,GSE135251
0.661104215786298,1.05870781887485,1.60318612572478,1.44690068579563,0.18821472335553,12.4322546730733,1.50571778684424,24.3074273747863,6.36658358162973,88.0492002697588,GSM3998281,GSE135251
0.244484980681126,0.310307860095275,0.725394997625319,0.683304176775455,0.260157094827352,12.9120309577307,1.15660202399148,26.4869923438467,6.07392373879672,44.1624504526503,GSM3998308,GSE135251
0.280394892362327,0.152942668561269,0.68277977036281,0.314382152042609,0.399350301243315,10.7715336572437,1.0004999568383,36.3129593069757,5.54536659994415,28.2800553086572,GSM3998206,GSE135251
0.43573053712347,0.556875350135376,0.749478854693477,0.921612421569073,0.172598792732017,12.4145519785819,1.43126734727777,27.7767749834443,4.83877051770591,45.2094856623062,GSM3998322,GSE135251
0.375717478603953,0.531675677269745,1.1241142890846,1.3114666705987,0.559244045720769,12.4918466268996,1.64228709201099,29.5029365105921,5.42863019645629,27.1110289101131,GSM3998220,GSE135251
0.317001940690442,0.718385692931577,1.16798762320168,0.885628923032051,0.26226779265756,8.40560130504975,0.91793727430146,27.5698835828129,4.13178676068534,25.9217504199478,GSM3998208,GSE135251
0.494950550460781,0.719531637233735,1.40168500759818,0.846721573108385,0.27981785892423,10.3397630727159,1.4336122772157,32.4373272175013,4.9140740224713,31.2710084840957,GSM3998173,GSE135251
0.773526413888688,0.871088303928702,2.27976253256769,1.69959006855422,0.36004983229053,10.0847137357689,1.69571856498121,26.2695344227642,6.10088470864065,55.9848452934977,GSM3998195,GSE135251
0.423879201954953,0.411089743275277,0.763452380368373,0.408044634065831,0.344097340667455,16.0246697069115,1.37029914425093,37.5442389822693,7.32167961512572,33.0070806371442,GSM3998250,GSE135251
0.421673883615185,0.137502353352778,0.911444170795555,0.562231844820246,0.281115922410123,9.72730934004221,0.990016944139999,25.6107954716216,5.55681385486913,35.5409207828592,GSM3998197,GSE135251
0.682164125481064,0.745411130492554,1.80060351002097,0.990116804644149,0.575999509926064,17.309027289879,2.20799812138325,32.2245103977544,9.0116393915087,73.9142900531593,GSM3998372,GSE135251
0.839973662625808,2.06993509718503,2.17921738492461,0.979969273063443,0.464985420382144,8.69758443009734,1.64244850102725,31.6082946362074,3.72785186320483,39.3962647301194,GSM3998283,GSE135251
0.302747495855253,1.06852057360678,1.13636314970879,0.329790300495919,0.211065792317388,9.4004369511358,1.19219193629275,21.7265849966711,5.56799392652906,44.0764736612795,GSM3998312,GSE135251
0.454693744113258,0.514100966962227,1.46396370592101,0.357966599218143,0.274187182379854,17.2688962902455,1.96500814038896,25.6365015525164,7.73614850910034,35.5029559434664,GSM3998279,GSE135251
0.661590998898792,1.0215743365349,2.35170581961503,1.11238094422689,0.340524778844966,9.77375610137879,0.963198660161476,36.2012587338612,4.64269051157378,37.8018989315646,GSM3998170,GSE135251
0.321282372302305,0.379697349084542,1.46871941623911,0.366716243132934,0.308301266350697,15.6385237842732,1.59667603204782,34.4585775540076,7.62315447008197,38.7656389671122,GSM3998255,GSE135251
0.264379554764017,0.112501938197454,0.666975776456335,0.243754199427817,0.234379037911363,16.0556337513224,1.42502455050108,25.3571332844333,8.54926838161434,37.0869670639044,GSM3998267,GSE135251
0.255196570668483,0.318995713335604,0.828560294378193,0.531659522226007,0.206219451045239,11.5418449006882,1.39198129455536,24.5212419121226,5.09486903514991,39.0914746887631,GSM3998315,GSE135251
0.630301039074485,0.928864689162398,1.99516343947638,0.434944576671282,0.328051417997831,14.3073596764351,2.44932772201751,30.8847509146497,10.6021196161427,54.0814878395357,GSM3998189,GSE135251
0.251306076384594,0.0673141276030163,0.918357026584008,0.314132595480743,0.366488028060866,17.9199823983173,1.71651025387692,26.2260649293323,8.82025428248273,40.9438181145347,GSM3998289,GSE135251
0.298422076247762,0.270382418076831,0.849773313955755,0.340481563504158,0.257030199900198,17.1199280271187,1.51714579032,24.2657490762921,5.67145898472964,31.1352865038195,GSM3998274,GSE135251
0.70150113703828,0.852291101074546,2.33677615074834,1.16188402240504,0.338731078632191,10.3352003300633,2.13619115718043,35.5644217973112,7.1399867481846,42.7128963346205,GSM3998216,GSE135251
0.353272558779869,0.829422529309258,1.54693884434663,0.322553205842489,0.302073637217569,8.95249714175072,0.837102367543603,30.0896062021636,5.72819934304206,31.5986944152124,GSM3998277,GSE135251
0.876860971967535,1.55991439757028,2.14234996809165,1.98928477467927,0.405735310479138,19.5597058552481,2.38123296295766,24.9206454326122,8.42663984937467,87.0760170393704,GSM3998371,GSE135251
0.400137943352841,0.453938002963307,1.63561788369319,1.05078241426691,0.451135916525262,14.8286414301347,1.44167347237421,27.3299499244417,5.13123322446891,35.580543329492,GSM3998198,GSE135251
0.402443445611644,0.0341053767467495,1.34959847983566,1.56884733035048,0.242527123532441,12.1999804819801,1.72232152571085,35.3892005714307,9.26813613092918,35.0432746072851,GSM3998218,GSE135251
0.414571561377284,0.357389277049383,0.929212120328395,0.738604505902058,0.234288526065706,15.9855118063088,1.55464335516481,28.4609503558826,9.64951048033333,43.7712517066232,GSM3998240,GSE135251
0.394656486928815,0.473587784314579,0.747592145239442,0.649867681809449,0.181541983987255,7.79728459175074,0.848511446896953,26.3297894229466,4.56050236676679,28.7793376680665,GSM3998342,GSE135251
0.450276130600068,0.0742213402088025,0.858846936701857,0.915396529241897,0.235034243994541,10.9158385349946,1.22465211344524,30.9211404834172,5.73707765645228,36.1411538479237,GSM3998338,GSE135251
0.285306022202207,0.26335940510973,0.485960807047716,1.0948923416136,0.185326988780921,8.10770740016383,1.10830416317011,15.2074380295803,4.67805859961841,28.7061751569606,GSM3998374,GSE135251
0.317377520180617,0.250561200142592,1.58471823986289,0.650446751885315,0.212597381939169,11.2231893414519,0.831407618654965,19.6381408163707,5.91310195904691,27.9176428113422,GSM3998352,GSE135251
1.45421056274853,0.829702959114192,1.65558240228777,2.93815958281298,0.312253801817169,17.0069989038706,2.12332585235675,25.5143218717466,8.50194614858444,102.595447355628,GSM3998225,GSE135251
0.417559055050538,0.49953383886414,1.63034670486428,0.8325563981069,0.478186238912681,15.0354196115261,2.26071083485951,32.8127859539604,8.97599866709002,56.0630669925216,GSM3998373,GSE135251
0.561771825982063,0.530344031521528,0.824979604589043,0.710399103951676,0.124401686406284,11.8780226742361,1.5173732012977,28.663832179854,5.11837234588225,70.7456840381738,GSM3998314,GSE135251
0.347060252825385,0.343246403893238,0.972531477697508,0.327355366675958,0.292395084797943,17.1255437942448,1.69716277480545,28.3546047216093,7.52549863119055,33.8812804509617,GSM3998300,GSE135251
0.400428100542491,0.57204014363213,1.07257526931024,1.30298032716207,0.246295061841611,13.6829959356292,1.12620403277576,27.0799717994424,7.94822965195111,59.2597836293909,GSM3998201,GSE135251
0.451371891561691,0.578391117327795,0.976946341032662,1.16056256875577,0.238161048311445,14.6250325381457,1.2588512553605,27.8235290012014,8.20698719605377,67.5314158238828,GSM3998350,GSE135251
0.761869955277379,0.769469655579397,1.61222213549969,0.867632451147139,0.186825965757961,12.2382316649295,1.80492882172945,35.1187579313645,6.69990766079144,71.4146212287046,GSM3998328,GSE135251
0.484174326186541,0.246190335349089,0.769344797965902,0.396639984729087,0.259867576201816,19.8095294836249,2.22597094878134,29.4812926580534,9.99763564956689,66.898376907125,GSM3998257,GSE135251
0.313157390792376,0.0945777354742076,0.558459009466749,0.469385798279401,0.0875719772909329,9.5838771947197,0.567466412845246,30.9674528152691,5.10325697662912,23.2740044046112,GSM3998333,GSE135251
0.569091694198978,1.00035649370914,1.19566419009997,0.841040459525834,0.207481346843378,14.1526625848089,1.56722517347766,21.7339357264189,6.48564460088093,39.4265503083115,GSM3998275,GSE135251
0.265838865372092,0.125593164742721,0.901579504045959,0.380268193248793,0.324449008918695,16.6096960372248,1.67457552990294,21.5504414288001,8.05169929592786,31.1039322058144,GSM3998296,GSE135251
0.288819839929739,0.21356396614523,0.671201036456437,0.396618794269713,0.0949173182867689,10.1464676160428,0.81357701388659,23.631506621213,5.1922739269059,36.363078878478,GSM3998302,GSE135251
0.962461906540323,1.05123266491055,2.04239489182621,0.938322489790526,0.358197796932483,20.5490956640848,2.01486260774522,32.2478134635893,10.6798668550756,55.1897149078037,GSM3998358,GSE135251
0.303338220134697,0.373513480016604,1.68808689669842,0.826257092157943,0.305601938195404,20.0193523640068,2.78437321466923,30.0872384389999,9.16063032097541,47.2664331075558,GSM3998178,GSE135251
0.314815558129327,0.520834563081607,1.16071702629615,0.424383718066495,0.304784670247755,16.3889275849679,1.30787345840493,30.3497740401411,7.97419417518069,27.1962447689113,GSM3998231,GSE135251
0.345779434457474,0,2.04341752840662,0.657341112380095,0.958997650253152,19.6816419166643,1.83019974097609,33.0275317516259,10.4025075222222,27.7974248481829,GSM3998194,GSE135251
0.229443462089306,0.271709363000494,1.06096036981145,0.543418726000988,0.402532389630361,16.3543159444107,1.36609429730804,27.562327168181,10.6518561213787,51.7323305929482,GSM3998175,GSE135251
0.340910421647086,0.365261166050449,2.04451379958108,0.737901345556463,0.627216143722993,16.7735517292778,1.79863452979388,37.1973432933064,8.94578554693443,38.1158328163781,GSM3998349,GSE135251
0.238060214507755,0.0830442608747982,1.33266266260986,0.45212986476279,0.673581227095585,18.934091479454,1.76699732861376,32.5691682173732,9.09248152140629,32.9028281941023,GSM3998286,GSE135251
0.246405941781392,0.220662037416172,0.985098381322197,0.490360083147049,0.205338284817827,10.7848570787154,0.744734376279581,26.1583024176296,4.48392155718331,25.4416433452177,GSM3998337,GSE135251
0.518731412567289,0.297632777702543,1.39097767538535,0.996833588813278,0.406292363212995,11.8202731716153,1.21179059493178,29.4443855084301,8.24336496815436,54.2648332204101,GSM3998196,GSE135251
0.843611868504786,0.417826632985861,1.71394190265629,0.434407054929744,0.450987476873628,13.4386688486881,1.21866101287543,29.8490230360613,5.21350642497983,50.1093511988043,GSM3998251,GSE135251
0.624978640883068,0.660631784826062,1.77067294708482,0.419448752270515,0.346045220623175,16.9382394354383,2.15491796478977,32.4046631597845,8.88903660475781,42.8624193726433,GSM3998291,GSE135251
0.391110139482744,0.881517671891159,1.66315895731189,0.759929027492378,0.466089803528659,15.4764974513305,1.90488876224756,24.9777815207781,8.52830351103321,40.1850469737969,GSM3998298,GSE135251
0.315481975783033,0.256566667052467,0.875584657401276,0.392768724870443,0.23122674931889,12.1075031928093,1.02151543363482,33.1500423778902,6.34913415306574,36.8707681109983,GSM3998321,GSE135251
0.372231026701834,0.420864226170415,1.31469967794187,0.46450940518068,0.346043919295675,10.5496632693384,1.08957071886341,26.2579194823085,5.30727325210317,33.8059189671386,GSM3998317,GSE135251
0.404913108980678,0.254586086484858,1.00275744268526,0.634444691716232,0.214175596566626,11.222570343006,1.17594525662053,29.6099205485144,6.44421031414796,62.3190370274005,GSM3998215,GSE135251
0.437546892475728,0.601409075315243,1.33355925395989,0.42999296206114,0.342832226508206,11.1839675248064,1.70399238005985,42.0743547814487,7.09188772372418,30.5018994067492,GSM3998249,GSE135251
0.329048979276886,0.327231029115135,0.69341813312493,0.793838237297829,0.227243770218844,11.3985475141772,1.21348173296863,26.6927025178203,5.22717482445896,51.4911658938879,GSM3998318,GSE135251
0.374009234020839,0.353580158212978,0.804815788694301,0.455725537252282,0.275006789721205,9.93728616082378,1.27681723799131,24.3583054707959,5.82375985589959,31.3596135321727,GSM3998380,GSE135251
0.246105488727753,0.365832483243958,0.931209957348256,0.513643587584951,0.144115826732468,11.3123005532969,1.02543953636564,27.8816614015216,5.33159272454973,34.3633103010745,GSM3998326,GSE135251
0.491080511884416,1.08326583503915,1.33086945447667,3.34608780156538,0.40923375990368,12.9434792060964,1.09048760727275,28.1370563038312,5.60454661403381,73.7812360245167,GSM3998210,GSE135251
0.165607800164603,0.390759977916479,0.462532218758281,0.992406293121216,0.145759674302179,9.4260876305567,0.767564242335941,17.0797996469922,4.67167509312648,19.8694470913781,GSM3998361,GSE135251
3.95230790164031,16.1900412048379,11.2697751780768,1.67496134942187,1.38954192665043,41.1390250716429,5.66707774950135,27.0059351203872,8.42773608907889,78.0138598244601,GSM3998329,GSE135251
1.63054929493545,3.03084811306445,2.78415117362897,3.39893560999993,0.418993214596765,15.8741928579605,2.84876227681445,30.4746239674072,10.6332988850426,124.013670393717,GSM3998359,GSE135251
0.221238654385273,0.075422268540434,0.75422268540434,0.47208753271605,0.178778710614362,10.7889759378792,0.846405458064871,20.1988018224477,4.16472339096709,17.5168218685158,GSM3998260,GSE135251
0.512659994710709,0.941620398448241,1.44605989761694,0.309514112452894,0.422857308562404,18.2382903366106,2.51098772919531,31.0678682654679,8.26247378273789,41.9805760974841,GSM3998292,GSE135251
0.3293773868369,0.203040854899459,0.609122564698376,0.470001978933932,0.146640617427387,10.2342259481465,0.834723514586664,29.8784286596692,4.98084597175235,28.5822303449092,GSM3998303,GSE135251
0.799574714278578,0.990298958051449,2.27401982959963,0.6153709574723,0.472735305078058,25.800169679605,2.70803974331353,38.8574448302093,9.08461752490254,80.6176707332254,GSM3998187,GSE135251
0.576557395012958,0.927793509216253,1.5336994744187,0.751070936032205,0.305582782797417,14.120449173429,1.92738056378853,30.8041645980856,6.70165132996383,79.1316740784666,GSM3998324,GSE135251
0.272624666716345,0.129821269864926,0.593468662239662,0.302916296351494,0.169488880101431,16.315751737667,1.8499530955752,26.409355469665,7.32577368933095,23.4246253812526,GSM3998297,GSE135251
0.304061846327866,0.166863208350658,0.945558180653729,1.91274677720477,0.135962614211647,9.9720631657179,0.927017824170323,34.9896256177202,4.44099476391595,26.61468173193,GSM3998340,GSE135251
0.679646665455828,0.800792143588438,1.68078351016914,0.650215843084629,0.373018562611708,20.1254025537006,1.92498111439528,33.5012713257273,9.96370224810998,69.2184709114256,GSM3998248,GSE135251
0.381775962361441,0.417172409202899,1.43030540298137,0.463524899114333,0.307611978503148,9.65456147012424,0.929156729588276,31.3935782483922,5.80604441103694,38.7780716736331,GSM3998336,GSE135251
0.838514054660882,0.937469129434527,1.94190033954295,0.520816183019182,0.46439442985877,16.517313232894,1.32157106441117,37.6271091653394,8.60933563789286,39.2418718399234,GSM3998375,GSE135251
0.474481737298174,0.835355171299602,2.0669073667013,0.749963309344532,0.415821240824691,13.0840487116126,1.88233365266177,28.0440664650581,7.83980828264677,36.768157864752,GSM3998174,GSE135251
0.580331310303993,1.42980177900984,2.18675566201504,0.672847896004629,0.406512270502797,17.6862875521217,1.78024339151225,29.644356632454,8.64846094454388,47.0940960961365,GSM3998193,GSE135251
0.539424984766161,1.12380205159617,2.07502021669721,0.633699490205617,0.374600683865389,19.7628617930698,2.57069719302624,33.9909984820284,8.05976783879127,46.8520099073265,GSM3998228,GSE135251
0.426115892643646,0.735332735093017,1.62015619105659,0.402233290991052,0.307959863415024,13.0622567722842,1.49894749845884,36.2171573482077,6.73642560922954,50.5541255376449,GSM3998254,GSE135251
0.380712277887424,0.20542029382415,1.44381120802117,0.588871508962563,0.360626738046841,13.3581882498219,1.47217877240641,27.2035160535696,5.4898573524504,40.5961855669976,GSM3998211,GSE135251
0.53324020589382,0.933170360314184,1.48545485927564,0.829484764723719,0.382649221821954,19.8758938649232,2.19591279232663,25.3828686103147,10.0413018979641,52.4936100604119,GSM3998290,GSE135251
0.381661470479924,0.0670889303577991,1.24913198904283,0.444774760520224,0.211205891867145,7.36700349548023,1.10324018810603,16.3281677647005,6.4055951631207,40.155520191241,GSM3998285,GSE135251
0.384711608123375,0.197625826090775,1.53018853916,2.13435892178037,0.491868722714818,12.9077896698146,1.83133265510785,41.8882054529833,6.51177096969104,26.8128839548659,GSM3998217,GSE135251
0.288470823946394,0.206050588533138,0.866720729544153,0.496047713135333,0.216225926238478,14.4856834383059,1.56064242055655,32.2272932398616,7.52943192264843,33.2886173030203,GSM3998311,GSE135251
1.22042295683332,0.382832296345051,1.73517495356393,2.25832384914657,0.20881761618821,14.9950935815153,1.57193261075014,37.1173312774543,9.62301181267334,96.965330150396,GSM3998233,GSE135251
0.798165976532648,0.46270491393197,1.86734483122545,1.70622437012414,0.546248856725242,11.2908261587149,1.37847505608899,27.5722553176961,6.88635047687814,57.0464550528157,GSM3998334,GSE135251
0.306426270693512,0.3259853943548,0.470350354711926,0.528820750842231,0.278898615170218,11.0415910002176,1.69512405064496,29.708911761235,5.77910981929619,23.7195122567411,GSM3998232,GSE135251
0.351976676889981,0.312237374660467,1.92208461803976,0.678091268202024,0.372161719292273,11.796084712822,0.965097339859624,31.442709131393,5.88727118074295,26.5401768461397,GSM3998305,GSE135251
0.384622219604259,0.213679010891255,1.21593532388119,0.993211698772314,0.213679010891255,17.9948252743421,1.5016886043191,26.8192596646012,9.15926176893243,35.7778793861045,GSM3998180,GSE135251
0.528006731890274,0.423709105837874,1.61102583098796,0.851039657024789,0.45992355932829,17.0135502497977,1.96101265650606,22.2656807045793,8.81029751321541,43.3975903402407,GSM3998346,GSE135251
0.436294297854211,0.418538134569446,0.815334028382038,0.524229582693044,0.274797765121354,17.9319130642156,1.94683647443667,24.8948656665982,7.98551736297841,34.543664447476,GSM3998234,GSE135251
0.398427094244443,0.455827607822032,0.99847952189588,0.692182663729753,0.360160085192717,14.1668326367546,1.35482094547104,25.2369316838611,8.0616594459775,40.3945562737288,GSM3998235,GSE135251
0.346026361296623,0.296594023968534,0.877070899449809,0.408640655245536,0.253752664950857,14.3805731049886,1.52251598970514,22.5644496377776,6.75400203955847,41.9606395409484,GSM3998261,GSE135251
0.297158581076919,0.314302345369818,0.853106366003791,0.403195937999665,0.215884439243915,10.0862479923223,0.857188214644958,30.0954700313204,5.71548100202331,36.0126198677713,GSM3998316,GSE135251
0.444142468500654,0.95173386107283,1.04822300827837,0.689068960346636,0.255842435772266,11.0129203924142,1.30479642243856,22.3635528000477,6.24863169069288,23.3520183251136,GSM3998353,GSE135251
0.357201246586992,0.45358888455491,1.158271615917,0.548086568837183,0.264593515990364,8.90978166090002,1.10089802188848,27.4117532599099,4.38173949806364,27.5803303788349,GSM3998331,GSE135251
0.594198031114515,0.899732034495164,1.99226379066786,0.799761808440146,0.393632765091634,18.0669405855324,1.77134744291235,31.8541290159103,8.5773282429119,35.0719764540127,GSM3998219,GSE135251
0.379174817335711,0.728293094272859,2.17992490802761,1.52209403300412,0.281298390909623,8.50666151609863,0.791874237423664,22.6216752955774,5.73097303945667,40.3812510306648,GSM3998202,GSE135251
0.547169512229762,0.482796628438025,1.75383265024425,0.632233680097414,0.352518173145225,17.2082512564696,1.55759388460363,31.6059364259607,9.51044697760172,57.7286825718038,GSM3998351,GSE135251
0.287836065992102,0.326536713520452,0.922595793756198,0.350724618225671,0.116908206075224,14.0410786813794,0.876811545564177,32.2830780978117,7.76545121840825,30.2726744826253,GSM3998344,GSE135251
0.455075461737971,0.639150929407263,1.81884093054181,0.610744221433607,0.238616346978711,10.2592854897429,1.11212261716864,26.8078161248532,4.90308656721546,37.1921925822086,GSM3998247,GSE135251
0.408071305575289,0.77591022891076,0.914465626930539,1.9924608347338,0.18200363394203,9.17544635775423,0.926781662310074,15.1317889681823,5.21179978412453,33.7978952141857,GSM3998364,GSE135251
0.580574214853722,0.76027575754654,0.819518024368349,0.883148607251032,0.241905922855717,13.8231955917553,1.72789944896941,23.1365736217004,4.40398372056078,47.5345138411485,GSM3998229,GSE135251
0.207911674962243,0.209910825683033,0.591177427433849,0.246561922230865,0.156600139795279,14.83941020747,1.55933756221682,34.909455479409,7.79575070918372,31.8952002810166,GSM3998294,GSE135251
0.676841046511058,0.286999737036491,0.994249089019272,1.30345713904073,0.275041414659971,14.1142370678303,1.60241519845374,26.7986004457823,9.49901864027417,77.454054032723,GSM3998354,GSE135251
0.364874062239935,0.346887312692896,1.27742629436114,0.393995466268474,0.295496599701356,15.3896831583594,2.32542976286719,35.1540007601237,12.0820369223001,46.5648038496783,GSM3998192,GSE135251
0.597409081250005,0.407324373579549,1.163783924513,0.777619258651866,0.366180497460403,14.298672490721,1.00596777111313,23.1989745497807,6.31931364806226,27.5406820772536,GSM3998310,GSE135251
0.481402981299339,0.843066134762802,1.36147326110763,0.676082021114131,0.317677094258447,15.4265393354734,1.83886164176524,33.0366723243386,9.58758634234328,32.9666349979259,GSM3998181,GSE135251
0.478299998295678,0.42381012507212,1.04222694022838,0.343084386963144,0.238813641905718,17.7784022874641,1.73055801071116,26.7865297418032,8.3853860460698,54.7812426845453,GSM3998185,GSE135251
0.147080418738243,0.371341651269822,0.542970145554194,0.249988170462691,0.201446778139838,8.07902130367706,0.924713523750342,14.1718328507723,4.97283810569974,30.7776698023047,GSM3998363,GSE135251
0.420107450374172,0.280963581460434,1.34174445023962,0.668960908239127,0.160550617977391,9.60436732543318,1.17068158941847,32.1445272993304,5.4461779942018,46.0178208777696,GSM3998204,GSE135251
0.483354912743249,0.358040676106111,1.09543397332465,0.944829561946681,0.308312804424706,19.0997651146605,2.42672013805253,31.8507018119394,8.08481953780231,30.7803093739972,GSM3998287,GSE135251
1.33338329585751,1.34912306494857,2.2983275070731,2.3572177995907,0.63708589178127,14.5416193214814,2.20918901885329,40.5869219199796,8.29078283506677,60.2214808116419,GSM3998370,GSE135251
0.465551388109927,0.547707515423444,1.15409797892797,0.338513672726989,0.296674904187699,19.649007115816,1.78004942512619,32.6326093787557,8.98903564863906,33.8123811474692,GSM3998272,GSE135251
0.443161077132033,0.764070822641436,1.56088753768179,0.798029525869944,0.466932169391989,16.574879202586,2.53416822842743,27.4383290059273,7.09988934726347,28.5093925698086,GSM3998183,GSE135251
0.298656200865191,0.233151680972826,0.663768561136923,0.392286955287612,0.197993887810257,7.58218782918772,0.716108734416537,8.58616751664214,2.88889504705392,15.7335750427912,GSM3998345,GSE135251
0.422525283013501,0.407883317760557,1.38949262094256,1.00053429228444,0.334673491495842,11.2773014009402,1.65767963756534,19.7599297400815,7.29581674869305,50.299072598838,GSM3998356,GSE135251
0.303315474724812,0.204737945439248,0.731206947997316,0.444862696263058,0.262873411428171,9.09621443308661,0.936486528212859,18.1615556839244,6.54521619326097,33.4007209323529,GSM3998348,GSE135251
0.228445581164273,0.199889883518739,0.754686294917689,0.225272725870325,0.149124198815567,10.4554647236434,0.856670929366026,32.8002981312739,5.34437728747201,24.1545507459162,GSM3998325,GSE135251
0.301739314779037,0.0576571939068223,0.663057729928457,0.4292257768619,0.121720742692181,12.1821413983129,1.73932534952247,18.51413680058,6.53237989091201,43.8158637945658,GSM3998368,GSE135251
0.70386327048471,0.764062102828798,2.7238317821624,0.513233634728435,0.355018754849744,21.0613222500535,3.47879790757657,15.6062165223895,8.22017949833141,54.3222107539588,GSM3998276,GSE135251
0.455123227542868,0.608333026913735,1.36150725071169,0.679680727601148,0.311676797739753,14.5179159676952,1.06458279709904,33.443832360567,6.99899821068979,66.2956263288697,GSM3998313,GSE135251
0.513043631691662,0.727967315238169,0.841866963200604,0.885886150818936,0.20799066149662,12.6824781926867,1.24216645060481,21.8959692811263,6.91243964067672,62.0592136240539,GSM3998347,GSE135251
0.304482824504473,0.152241412252237,0.404527181127372,0.740908206294218,0.0845785623623537,11.452903956004,0.933747328480385,26.0332814951325,5.30466170816387,36.3248009633837,GSM3998320,GSE135251
1.62816619237741,0.636318052852214,1.8829819931341,2.53853868704005,0.363610315915551,16.4923250433125,2.50992120847262,28.4763150386958,7.04400296899943,90.5313934480573,GSM3998332,GSE135251
0.273536571245713,0.0719833082225561,0.586149795526528,0.743827518299747,0.159962907161236,12.2320207329615,0.971774661004508,24.4409039739943,7.35691904818343,38.9969572295698,GSM3998253,GSE135251
